cluster,time_point,mean_intensity,std_intensity,n_samples
Cluster_1,-200.0,0.37422319919535046,0.21978504605988805,10914
Cluster_1,-199.0,0.3752285047217595,0.2192646483644625,10914
Cluster_1,-198.0,0.3735427740692962,0.21935411006346445,10914
Cluster_1,-197.0,0.3766532682456427,0.21757389835074784,10914
Cluster_1,-196.0,0.37497443442623335,0.2173103420610722,10914
Cluster_1,-195.0,0.37646431401150887,0.21631394477650934,10914
Cluster_1,-194.0,0.376162583591306,0.21617315037015775,10914
Cluster_1,-193.0,0.3776803015883137,0.2173614184325826,10914
Cluster_1,-192.0,0.3789277587902908,0.2140912788082624,10914
Cluster_1,-191.0,0.37713989737319364,0.21732454922062336,10914
Cluster_1,-190.0,0.37559960284948846,0.2142333733608119,10914
Cluster_1,-189.0,0.3775252456299348,0.2141607916017723,10914
Cluster_1,-188.0,0.37719556345494504,0.215272647974614,10914
Cluster_1,-187.0,0.37641522507438013,0.21350386389912251,10914
Cluster_1,-186.0,0.37638225400717196,0.21482322064444637,10914
Cluster_1,-185.0,0.37765086856614843,0.2127540415328991,10914
Cluster_1,-184.0,0.3792089864167174,0.21351033866556887,10914
Cluster_1,-183.0,0.3774092295665201,0.21345096010388506,10914
Cluster_1,-182.0,0.37732922743713804,0.20924026407077043,10914
Cluster_1,-181.0,0.3805114518149189,0.21035601152905614,10914
Cluster_1,-180.0,0.37835192239578785,0.21110337083466812,10914
Cluster_1,-179.0,0.3789142343468409,0.21001124103321003,10914
Cluster_1,-178.0,0.37641101390237913,0.20730142044831115,10914
Cluster_1,-177.0,0.37705850457348866,0.2072497457330798,10914
Cluster_1,-176.0,0.3787683793260231,0.20773742129470993,10914
Cluster_1,-175.0,0.37760421173521197,0.2062586128477936,10914
Cluster_1,-174.0,0.3816937511872131,0.2105033570777966,10914
Cluster_1,-173.0,0.3768898739233162,0.20666993599792705,10914
Cluster_1,-172.0,0.37864303455525306,0.20511964714251169,10914
Cluster_1,-171.0,0.3822028251933932,0.2077544392743607,10914
Cluster_1,-170.0,0.3808981977209132,0.20789279175959546,10914
Cluster_1,-169.0,0.37953061778843905,0.2084656321808772,10914
Cluster_1,-168.0,0.38113760800101215,0.20682657442250643,10914
Cluster_1,-167.0,0.37981423927815305,0.20661723214828662,10914
Cluster_1,-166.0,0.37858298901165444,0.2041560161584193,10914
Cluster_1,-165.0,0.37946767276870863,0.20642688808064794,10914
Cluster_1,-164.0,0.38185529020982995,0.20473875397398555,10914
Cluster_1,-163.0,0.3809432793711941,0.20397063649753536,10914
Cluster_1,-162.0,0.3800859234627554,0.20295874454308763,10914
Cluster_1,-161.0,0.38059080041363164,0.20410947053957512,10914
Cluster_1,-160.0,0.3787517830174415,0.20195707165345442,10914
Cluster_1,-159.0,0.38004376144124885,0.20248035870335582,10914
Cluster_1,-158.0,0.3804116689649916,0.20325941019520502,10914
Cluster_1,-157.0,0.38141380068333103,0.20205246679188663,10914
Cluster_1,-156.0,0.3807994656103891,0.20327191815547138,10914
Cluster_1,-155.0,0.3809736598293209,0.20451275323567872,10914
Cluster_1,-154.0,0.38240915088729055,0.20347321491450124,10914
Cluster_1,-153.0,0.3813723415615489,0.2040251595094305,10914
Cluster_1,-152.0,0.3839657701405179,0.2053483177783158,10914
Cluster_1,-151.0,0.3842803136248078,0.2043889732891161,10914
Cluster_1,-150.0,0.3829116166340444,0.20159146796750615,10914
Cluster_1,-149.0,0.3836249620508905,0.2029727863792275,10914
Cluster_1,-148.0,0.38415327313166,0.20323701950696227,10914
Cluster_1,-147.0,0.3834749287749619,0.2021956498478792,10914
Cluster_1,-146.0,0.3848180151053509,0.20319954305774646,10914
Cluster_1,-145.0,0.38662903259937226,0.2052089666743596,10914
Cluster_1,-144.0,0.38573325451614315,0.20097065964927976,10914
Cluster_1,-143.0,0.38736150307117495,0.2037816883513378,10914
Cluster_1,-142.0,0.38398161483432525,0.201152212781969,10914
Cluster_1,-141.0,0.3854447837444898,0.20091376102226555,10914
Cluster_1,-140.0,0.3845569635089477,0.20227989859021508,10914
Cluster_1,-139.0,0.3852795200095472,0.20096288051815242,10914
Cluster_1,-138.0,0.38670249639333926,0.20171599880706698,10914
Cluster_1,-137.0,0.38650640423396027,0.20144338940963544,10914
Cluster_1,-136.0,0.3853299292167667,0.20000333854179558,10914
Cluster_1,-135.0,0.38742152565545374,0.20050201002716653,10914
Cluster_1,-134.0,0.38825443758672806,0.20051633547382378,10914
Cluster_1,-133.0,0.38717588568836453,0.20094972575248715,10914
Cluster_1,-132.0,0.3879679715040769,0.19886110862424555,10914
Cluster_1,-131.0,0.3881402743073527,0.20057977091045254,10914
Cluster_1,-130.0,0.38761615811741623,0.19981835394403186,10914
Cluster_1,-129.0,0.38824215372454024,0.2004033105825522,10914
Cluster_1,-128.0,0.3870720640195583,0.1987715320911726,10914
Cluster_1,-127.0,0.3872634944054986,0.1984953647014358,10914
Cluster_1,-126.0,0.3881560196823004,0.1984478199575752,10914
Cluster_1,-125.0,0.3873647277303093,0.19907791099601213,10914
Cluster_1,-124.0,0.3885538393644555,0.20097582642188055,10914
Cluster_1,-123.0,0.38945965547596073,0.1986013147180423,10914
Cluster_1,-122.0,0.39071186850187994,0.20139968246333181,10914
Cluster_1,-121.0,0.39126071331948453,0.2007634450201425,10914
Cluster_1,-120.0,0.3912142270153711,0.20127275586209806,10914
Cluster_1,-119.0,0.39054015799536235,0.19915580921175022,10914
Cluster_1,-118.0,0.3906822345436477,0.19869496331480377,10914
Cluster_1,-117.0,0.39123082012492466,0.20003840480272278,10914
Cluster_1,-116.0,0.39339004176322306,0.20087027464341892,10914
Cluster_1,-115.0,0.3917587269197841,0.20058287075707926,10914
Cluster_1,-114.0,0.39362268126437233,0.20012611924465165,10914
Cluster_1,-113.0,0.39371492586613877,0.20164503096935588,10914
Cluster_1,-112.0,0.39347736338201095,0.20019924141248233,10914
Cluster_1,-111.0,0.39415688841414664,0.20168248384365084,10914
Cluster_1,-110.0,0.3938197462106031,0.20145858058382676,10914
Cluster_1,-109.0,0.3931775129006519,0.2008540915447966,10914
Cluster_1,-108.0,0.395364595676305,0.20103529979896234,10914
Cluster_1,-107.0,0.3950517341067037,0.20317171901735911,10914
Cluster_1,-106.0,0.3961255598097402,0.20222176261192082,10914
Cluster_1,-105.0,0.39604881446407203,0.2014039162085029,10914
Cluster_1,-104.0,0.39588037350744193,0.20244917335468746,10914
Cluster_1,-103.0,0.3952910539779473,0.2017862067076125,10914
Cluster_1,-102.0,0.39584838898007035,0.2017627195512171,10914
Cluster_1,-101.0,0.3986232945830779,0.20084929240933116,10914
Cluster_1,-100.0,0.398959621864889,0.2012076004806406,10914
Cluster_1,-99.0,0.3969142814188501,0.20195299381262466,10914
Cluster_1,-98.0,0.39937823329265,0.20158140888152137,10914
Cluster_1,-97.0,0.3958538707116517,0.20148748322690252,10914
Cluster_1,-96.0,0.39985460902595943,0.20101544200652086,10914
Cluster_1,-95.0,0.40029993638027317,0.20248321123444135,10914
Cluster_1,-94.0,0.3977954337259238,0.2026074719019033,10914
Cluster_1,-93.0,0.40092469038777345,0.20157823427626373,10914
Cluster_1,-92.0,0.40144249721856995,0.20165707145826534,10914
Cluster_1,-91.0,0.40125505299102815,0.20210120524389766,10914
Cluster_1,-90.0,0.40195433748735543,0.2028844176724979,10914
Cluster_1,-89.0,0.40501158886095456,0.20266759347183033,10914
Cluster_1,-88.0,0.40249447368033725,0.20202544739707207,10914
Cluster_1,-87.0,0.40172389495493094,0.20229909696952209,10914
Cluster_1,-86.0,0.40501325963093343,0.20175742324233756,10914
Cluster_1,-85.0,0.40528292390456794,0.20154105431190478,10914
Cluster_1,-84.0,0.40518444364780076,0.2025400619660861,10914
Cluster_1,-83.0,0.4050506746291118,0.2009352010552492,10914
Cluster_1,-82.0,0.405694706933864,0.20192717586682565,10914
Cluster_1,-81.0,0.4053802105002551,0.20130288637154306,10914
Cluster_1,-80.0,0.4052731700419065,0.20308044398074102,10914
Cluster_1,-79.0,0.4051400695048049,0.2022997055876458,10914
Cluster_1,-78.0,0.40319850572488963,0.20253944048418604,10914
Cluster_1,-77.0,0.40752334865541473,0.20102872257597837,10914
Cluster_1,-76.0,0.40475824850653436,0.2001556245637764,10914
Cluster_1,-75.0,0.40632925838711087,0.20185673896173295,10914
Cluster_1,-74.0,0.4063837960464684,0.20277199800630238,10914
Cluster_1,-73.0,0.40574480626323867,0.2031222963524196,10914
Cluster_1,-72.0,0.4082304111242022,0.20216482945641692,10914
Cluster_1,-71.0,0.4073579821753634,0.20223631038506548,10914
Cluster_1,-70.0,0.40939467281506914,0.2017821289469257,10914
Cluster_1,-69.0,0.409354929350362,0.2015226812130454,10914
Cluster_1,-68.0,0.41063043975379104,0.20180493436505414,10914
Cluster_1,-67.0,0.41049568796826363,0.2019159459919714,10914
Cluster_1,-66.0,0.4122515855586119,0.20274740690215728,10914
Cluster_1,-65.0,0.410050962960416,0.20143779795391573,10914
Cluster_1,-64.0,0.413411210587367,0.2036038931080865,10914
Cluster_1,-63.0,0.41269540485474676,0.20291296846208565,10914
Cluster_1,-62.0,0.41571394670366574,0.2043613319341163,10914
Cluster_1,-61.0,0.4133774471703531,0.201807441162627,10914
Cluster_1,-60.0,0.41439414103168554,0.20118358876522482,10914
Cluster_1,-59.0,0.4142351321663479,0.20194960160477365,10914
Cluster_1,-58.0,0.4157424209580913,0.20370882106737742,10914
Cluster_1,-57.0,0.41750129911424716,0.20243574844246157,10914
Cluster_1,-56.0,0.4157271454096975,0.200796416389352,10914
Cluster_1,-55.0,0.4145296341842013,0.20076794559255012,10914
Cluster_1,-54.0,0.4146588712261315,0.19968013335770346,10914
Cluster_1,-53.0,0.41714147054277434,0.20032300937651656,10914
Cluster_1,-52.0,0.4150201698204304,0.19889933885526215,10914
Cluster_1,-51.0,0.4191345826730676,0.20208878746768957,10914
Cluster_1,-50.0,0.411188321762584,0.2002291023805068,10914
Cluster_1,-49.0,0.41316919648811845,0.19978871237404686,10914
Cluster_1,-48.0,0.41486872083329734,0.2000732863864672,10914
Cluster_1,-47.0,0.41741676066719535,0.1982043392408597,10914
Cluster_1,-46.0,0.4114792586327973,0.1963194050530364,10914
Cluster_1,-45.0,0.41614049479206516,0.19969818480388365,10914
Cluster_1,-44.0,0.4177426975007034,0.1999526196399774,10914
Cluster_1,-43.0,0.4189015541157873,0.19945232084452952,10914
Cluster_1,-42.0,0.4197798823617605,0.19875094515643107,10914
Cluster_1,-41.0,0.420448331559438,0.20005816869673917,10914
Cluster_1,-40.0,0.4217674802388239,0.1992855513844197,10914
Cluster_1,-39.0,0.4239567134447342,0.20027410588866673,10914
Cluster_1,-38.0,0.4220988890653164,0.19940882507737312,10914
Cluster_1,-37.0,0.4235282856728628,0.1995194060248321,10914
Cluster_1,-36.0,0.42970990373429113,0.2018168033208081,10914
Cluster_1,-35.0,0.43275776619447487,0.2023061641191293,10914
Cluster_1,-34.0,0.43718059557509303,0.20429844166910904,10914
Cluster_1,-33.0,0.43591018322792474,0.20569661540516335,10914
Cluster_1,-32.0,0.43552852200194586,0.2059191690653265,10914
Cluster_1,-31.0,0.43860290539692887,0.2060979772534823,10914
Cluster_1,-30.0,0.4386112959834089,0.20661447182819184,10914
Cluster_1,-29.0,0.43551546851362244,0.20287383955352906,10914
Cluster_1,-28.0,0.43447207007974975,0.20168314123948192,10914
Cluster_1,-27.0,0.43186241836654615,0.20052926337588267,10914
Cluster_1,-26.0,0.42989350718195524,0.19904249172828684,10914
Cluster_1,-25.0,0.4278309849051235,0.1967394468597797,10914
Cluster_1,-24.0,0.42560172749623143,0.19497821146973449,10914
Cluster_1,-23.0,0.4248084226998069,0.19548153597151466,10914
Cluster_1,-22.0,0.4205125310895127,0.19025330510386407,10914
Cluster_1,-21.0,0.42035353827375926,0.19088598527657757,10914
Cluster_1,-20.0,0.4181447148509726,0.19131781078688964,10914
Cluster_1,-19.0,0.4158180876741699,0.18912053429310624,10914
Cluster_1,-18.0,0.4159421140452476,0.18692341399780896,10914
Cluster_1,-17.0,0.4166506337498554,0.18440494839807584,10914
Cluster_1,-16.0,0.41512346274413386,0.18449017652404934,10914
Cluster_1,-15.0,0.41483016199665235,0.18415372235456887,10914
Cluster_1,-14.0,0.422031202119531,0.1851707685819027,10914
Cluster_1,-13.0,0.44106527833374026,0.18544464346294795,10914
Cluster_1,-12.0,0.3409308449575045,0.16865508070661403,10914
Cluster_1,-11.0,0.38943938257908095,0.17155653249905278,10914
Cluster_1,-10.0,0.4093059017665254,0.1731092636245789,10914
Cluster_1,-9.0,0.4300451603006982,0.17612568556592187,10914
Cluster_1,-8.0,0.44869242531372044,0.1785356338292817,10914
Cluster_1,-7.0,0.4678830474163575,0.18506647950352942,10914
Cluster_1,-6.0,0.4819941760171472,0.19184272187262125,10914
Cluster_1,-5.0,0.49078973935333503,0.19557355099931983,10914
Cluster_1,-4.0,0.49952033616504055,0.1985253654020005,10914
Cluster_1,-3.0,0.5008070627080043,0.19869253401868234,10914
Cluster_1,-2.0,0.5034175761852846,0.19813016316544674,10914
Cluster_1,-1.0,0.5024729281500215,0.19839571110639995,10914
Cluster_1,0.0,0.5007630173530299,0.1952375459079305,10914
Cluster_1,1.0,0.4997260979646856,0.19504508996123235,10914
Cluster_1,2.0,0.4966182633572597,0.19346815250019161,10914
Cluster_1,3.0,0.49010443717456076,0.1919479431074793,10914
Cluster_1,4.0,0.4844048983740537,0.1908040480064463,10914
Cluster_1,5.0,0.4769848342964057,0.18900179163343456,10914
Cluster_1,6.0,0.4693774618805014,0.18500287413963712,10914
Cluster_1,7.0,0.4591146018578674,0.18226692562255464,10914
Cluster_1,8.0,0.44892966854000316,0.17969810505198047,10914
Cluster_1,9.0,0.4378488629650846,0.17815719753504622,10914
Cluster_1,10.0,0.4206934764967013,0.17391473293013388,10914
Cluster_1,11.0,0.3960633691931145,0.17114471039575901,10914
Cluster_1,12.0,0.34622015647674664,0.16696656055669493,10914
Cluster_1,13.0,0.4443868184696681,0.1808989882958877,10914
Cluster_1,14.0,0.4219787816185896,0.1780613583098259,10914
Cluster_1,15.0,0.4164437630101887,0.17892070429185192,10914
Cluster_1,16.0,0.41516494580167107,0.17619872422678207,10914
Cluster_1,17.0,0.4133998291782254,0.17875114882761325,10914
Cluster_1,18.0,0.41049619640177504,0.17897983047147834,10914
Cluster_1,19.0,0.4100455771691275,0.180366007749338,10914
Cluster_1,20.0,0.4110446386949143,0.17879362540782504,10914
Cluster_1,21.0,0.4118363988778868,0.1835544123233216,10914
Cluster_1,22.0,0.4134444398576678,0.184288659767014,10914
Cluster_1,23.0,0.412414441428524,0.1874222083216084,10914
Cluster_1,24.0,0.4146601553756363,0.18922881800113267,10914
Cluster_1,25.0,0.4136553946535319,0.18848890680887512,10914
Cluster_1,26.0,0.41459581187784295,0.18908527788888635,10914
Cluster_1,27.0,0.41658829152512106,0.19096441670156553,10914
Cluster_1,28.0,0.4162843587701328,0.19252053534075314,10914
Cluster_1,29.0,0.41708331202818805,0.19274541000083467,10914
Cluster_1,30.0,0.4163392712322712,0.19474772808050783,10914
Cluster_1,31.0,0.41613067729717523,0.1956458620280359,10914
Cluster_1,32.0,0.413807174351653,0.1943709921882331,10914
Cluster_1,33.0,0.413869232351796,0.19370214390111912,10914
Cluster_1,34.0,0.411701255146222,0.19357126066888092,10914
Cluster_1,35.0,0.41378614200315855,0.19507601583382997,10914
Cluster_1,36.0,0.4072876691904383,0.1916404498607366,10914
Cluster_1,37.0,0.40784210575805985,0.19358816228671288,10914
Cluster_1,38.0,0.4071279438021324,0.19263409374001028,10914
Cluster_1,39.0,0.40475614672983723,0.19262607811484878,10914
Cluster_1,40.0,0.40467214480045555,0.19327907951902734,10914
Cluster_1,41.0,0.4061854800513855,0.194586491332195,10914
Cluster_1,42.0,0.4040623197700952,0.1939697075722379,10914
Cluster_1,43.0,0.4036192703693434,0.19426080857415032,10914
Cluster_1,44.0,0.4018550153019216,0.19518691108426292,10914
Cluster_1,45.0,0.4004043255264279,0.19399509150750016,10914
Cluster_1,46.0,0.3984412688391005,0.1929295140550855,10914
Cluster_1,47.0,0.40003077526219716,0.19091428340797836,10914
Cluster_1,48.0,0.39744827807508576,0.19202089890644441,10914
Cluster_1,49.0,0.39611749329256146,0.19304939144289612,10914
Cluster_1,50.0,0.39656364405150696,0.1936014397653686,10914
Cluster_1,51.0,0.39979494179982733,0.1966636668752989,10914
Cluster_1,52.0,0.39694893271441734,0.19265371520766575,10914
Cluster_1,53.0,0.3987134979682768,0.19617445157750357,10914
Cluster_1,54.0,0.39719253068074695,0.19384417278449556,10914
Cluster_1,55.0,0.3976698769573328,0.19457719446900656,10914
Cluster_1,56.0,0.39537400443173837,0.19499169105385364,10914
Cluster_1,57.0,0.39496106739634407,0.19407700806913483,10914
Cluster_1,58.0,0.39357802051283836,0.19441075474873026,10914
Cluster_1,59.0,0.39237650494662846,0.19305012856392798,10914
Cluster_1,60.0,0.39468431095440076,0.1959448818244851,10914
Cluster_1,61.0,0.394724694858623,0.19537449717684266,10914
Cluster_1,62.0,0.39121675142866225,0.19265152485194817,10914
Cluster_1,63.0,0.39209641187317124,0.19568984230301975,10914
Cluster_1,64.0,0.3910239336960569,0.19450628095647668,10914
Cluster_1,65.0,0.3902089554640943,0.19328862208920497,10914
Cluster_1,66.0,0.39100387940407766,0.19442290454963054,10914
Cluster_1,67.0,0.3883587769353825,0.19411667734711416,10914
Cluster_1,68.0,0.38759911335260205,0.19385757129712378,10914
Cluster_1,69.0,0.38874483500592494,0.19496863220412575,10914
Cluster_1,70.0,0.38744182209559647,0.1942041705083275,10914
Cluster_1,71.0,0.3891205978774692,0.1955822577555497,10914
Cluster_1,72.0,0.3851570308324468,0.19201596043856922,10914
Cluster_1,73.0,0.38646380143038367,0.19582004334361805,10914
Cluster_1,74.0,0.38541451252081727,0.19425581457093663,10914
Cluster_1,75.0,0.38358267495708576,0.1936263421554549,10914
Cluster_1,76.0,0.38507877069176116,0.19532073041873552,10914
Cluster_1,77.0,0.3835599420681104,0.19426526854506893,10914
Cluster_1,78.0,0.38286262081072564,0.193413407851805,10914
Cluster_1,79.0,0.3818233923556178,0.19496227487446366,10914
Cluster_1,80.0,0.3830596847555488,0.19427117160899138,10914
Cluster_1,81.0,0.38117803357327273,0.19119879107350507,10914
Cluster_1,82.0,0.38091339804754243,0.19446289789508878,10914
Cluster_1,83.0,0.3794268207288621,0.19333659315947688,10914
Cluster_1,84.0,0.38139932119020875,0.1954926492891249,10914
Cluster_1,85.0,0.37965630085980456,0.19590439371027976,10914
Cluster_1,86.0,0.380522734311239,0.19498177614010484,10914
Cluster_1,87.0,0.3783985949469091,0.19412630080949586,10914
Cluster_1,88.0,0.3786148281957238,0.19374446323718983,10914
Cluster_1,89.0,0.37670911182571615,0.19365796805275984,10914
Cluster_1,90.0,0.3805714671490075,0.1942310126449338,10914
Cluster_1,91.0,0.37661797909168676,0.1944486877244804,10914
Cluster_1,92.0,0.37878317176015136,0.19661934259411826,10914
Cluster_1,93.0,0.37513391636393056,0.19332788355166072,10914
Cluster_1,94.0,0.37691502467806504,0.1925893041395771,10914
Cluster_1,95.0,0.37590055395469946,0.19337914688609786,10914
Cluster_1,96.0,0.3733620666390861,0.1909582228267169,10914
Cluster_1,97.0,0.37453125688364186,0.19121037234560564,10914
Cluster_1,98.0,0.37352142470918875,0.19136730169711252,10914
Cluster_1,99.0,0.3754423156979311,0.194087969809794,10914
Cluster_1,100.0,0.37468632318422146,0.19504485615804265,10914
Cluster_1,101.0,0.3725005673968594,0.19320976150924526,10914
Cluster_1,102.0,0.3726305649336161,0.1910631809186452,10914
Cluster_1,103.0,0.3721063836110004,0.1930007258810183,10914
Cluster_1,104.0,0.3718306056119672,0.19398856239512224,10914
Cluster_1,105.0,0.3705510076430413,0.1929964266049936,10914
Cluster_1,106.0,0.3719287701700614,0.19282429282058056,10914
Cluster_1,107.0,0.3712296235093722,0.1916004867839357,10914
Cluster_1,108.0,0.37172435444105567,0.19280741292343312,10914
Cluster_1,109.0,0.36944955897957565,0.1921468688476711,10914
Cluster_1,110.0,0.3703379717626761,0.19424242226141405,10914
Cluster_1,111.0,0.367966135140421,0.1941445476734629,10914
Cluster_1,112.0,0.3677564898086358,0.1916665848923089,10914
Cluster_1,113.0,0.36713237745892746,0.19181166443326197,10914
Cluster_1,114.0,0.3680891326485684,0.1936792442965771,10914
Cluster_1,115.0,0.3677509544481035,0.19365195006653618,10914
Cluster_1,116.0,0.3672299393132257,0.1926649557154549,10914
Cluster_1,117.0,0.3663814689118906,0.19269219035798776,10914
Cluster_1,118.0,0.36602888978238485,0.193457848841775,10914
Cluster_1,119.0,0.3664965544786648,0.19325555576915765,10914
Cluster_1,120.0,0.366393596266332,0.19183798251751008,10914
Cluster_1,121.0,0.36580725360768784,0.1933831045949742,10914
Cluster_1,122.0,0.3659971119503495,0.19405510180785296,10914
Cluster_1,123.0,0.3654507378960762,0.1936091747964873,10914
Cluster_1,124.0,0.3649642197435162,0.19340664914173378,10914
Cluster_1,125.0,0.36493677590364104,0.19436255716681464,10914
Cluster_1,126.0,0.36359855428693133,0.1943594314882931,10914
Cluster_1,127.0,0.36297681678612354,0.19439959656648928,10914
Cluster_1,128.0,0.3629085086126675,0.19249842149632168,10914
Cluster_1,129.0,0.3639001079469314,0.1929792981320059,10914
Cluster_1,130.0,0.3625535223586746,0.19337990984792586,10914
Cluster_1,131.0,0.3607028286502942,0.19068944933016,10914
Cluster_1,132.0,0.3625123632978184,0.19279747540198397,10914
Cluster_1,133.0,0.3603209774008417,0.19035534005759738,10914
Cluster_1,134.0,0.3622354945520123,0.1927883035976371,10914
Cluster_1,135.0,0.3598158035654672,0.19271584992125512,10914
Cluster_1,136.0,0.3616681638624217,0.19123910494273116,10914
Cluster_1,137.0,0.36126001536030816,0.19260487967365658,10914
Cluster_1,138.0,0.3600941801440459,0.1893850449208779,10914
Cluster_1,139.0,0.3584581644263825,0.19172074628146163,10914
Cluster_1,140.0,0.3593486628021796,0.19068269834476892,10914
Cluster_1,141.0,0.3597093767100723,0.19282541927532065,10914
Cluster_1,142.0,0.35692589165769806,0.19150160574993305,10914
Cluster_1,143.0,0.35780552950466776,0.19087781539897195,10914
Cluster_1,144.0,0.3599347549201913,0.1924674090434882,10914
Cluster_1,145.0,0.3560210809750476,0.19125417704049982,10914
Cluster_1,146.0,0.35889587680455554,0.19317173277098307,10914
Cluster_1,147.0,0.3562514936906585,0.19039099166636816,10914
Cluster_1,148.0,0.35862135162260167,0.19294451909598312,10914
Cluster_1,149.0,0.35588057445423,0.19248279827859316,10914
Cluster_1,150.0,0.35540312036022714,0.1926614776919245,10914
Cluster_1,151.0,0.3564410827156722,0.1947711754800553,10914
Cluster_1,152.0,0.35472726758980216,0.19231573152178244,10914
Cluster_1,153.0,0.35544487041153233,0.19346745553706846,10914
Cluster_1,154.0,0.3542288381958808,0.19376268674302177,10914
Cluster_1,155.0,0.3531572224496361,0.1926343722136455,10914
Cluster_1,156.0,0.35615921039624626,0.19245009647966513,10914
Cluster_1,157.0,0.3541332797329257,0.19184997354410668,10914
Cluster_1,158.0,0.3548432431823283,0.19464610978771257,10914
Cluster_1,159.0,0.35378480884606084,0.1935236211020726,10914
Cluster_1,160.0,0.35552765614768117,0.1923389849882751,10914
Cluster_1,161.0,0.3564712964928432,0.19504043449612174,10914
Cluster_1,162.0,0.35364689527751564,0.19396316684680986,10914
Cluster_1,163.0,0.35422574194948386,0.19308297369362878,10914
Cluster_1,164.0,0.3541035341437846,0.19402427905822692,10914
Cluster_1,165.0,0.3539024218121364,0.194865637411338,10914
Cluster_1,166.0,0.35501740073176735,0.1950694836661955,10914
Cluster_1,167.0,0.3524846766121227,0.193839341682455,10914
Cluster_1,168.0,0.35277361713552674,0.19384486648944277,10914
Cluster_1,169.0,0.35019430533505724,0.19526512742661484,10914
Cluster_1,170.0,0.3523244365865171,0.1942930308871793,10914
Cluster_1,171.0,0.3524899569876442,0.1940539808937773,10914
Cluster_1,172.0,0.35191570113565906,0.1948660592648551,10914
Cluster_1,173.0,0.35326587230584966,0.19588512704305888,10914
Cluster_1,174.0,0.3512154593266603,0.1941789774510854,10914
Cluster_1,175.0,0.34988534889125344,0.194585470855625,10914
Cluster_1,176.0,0.35202683237109167,0.19657410306999062,10914
Cluster_1,177.0,0.34929846394744235,0.19512220281028309,10914
Cluster_1,178.0,0.35087777689819866,0.1935264704281583,10914
Cluster_1,179.0,0.3509115066118133,0.19574468854751098,10914
Cluster_1,180.0,0.34924915866936285,0.19528316864969,10914
Cluster_1,181.0,0.3504810052436487,0.19463897616441259,10914
Cluster_1,182.0,0.3504306398422748,0.1949399014165991,10914
Cluster_1,183.0,0.35016951293189447,0.19438307658939669,10914
Cluster_1,184.0,0.3486613622474531,0.19534748636681454,10914
Cluster_1,185.0,0.34864058362068767,0.19561551995039522,10914
Cluster_1,186.0,0.34954635852043575,0.1956796102229772,10914
Cluster_1,187.0,0.3483974450112312,0.19623448765668774,10914
Cluster_1,188.0,0.35095162480596614,0.1979478034121703,10914
Cluster_1,189.0,0.3503097136160256,0.1962449314771898,10914
Cluster_1,190.0,0.34940377811949086,0.19766932609358018,10914
Cluster_1,191.0,0.35080892375973055,0.19630486755116847,10914
Cluster_1,192.0,0.34831016508357937,0.1973535095020004,10914
Cluster_1,193.0,0.3516055674260738,0.19805234283060347,10914
Cluster_1,194.0,0.34769715582160604,0.19714067261771465,10914
Cluster_1,195.0,0.3493289390682541,0.19766377483895772,10914
Cluster_1,196.0,0.34890049507347953,0.19832463475360468,10914
Cluster_1,197.0,0.3482008305997817,0.19826964326923643,10914
Cluster_1,198.0,0.3486959416871229,0.19991244158871288,10914
Cluster_1,199.0,0.3482200005549948,0.19974348220354798,10914
Cluster_1,200.0,0.34721790422728505,0.19905147495355802,10914
Cluster_2,-200.0,0.3987901048328886,0.21346192123341826,1724
Cluster_2,-199.0,0.39948089449841445,0.2113014016167703,1724
Cluster_2,-198.0,0.3967257525644436,0.21157005460418604,1724
Cluster_2,-197.0,0.4017240705769921,0.21170826982945878,1724
Cluster_2,-196.0,0.4027088365007984,0.2118106224496013,1724
Cluster_2,-195.0,0.3984646830580861,0.21243089182811364,1724
Cluster_2,-194.0,0.40228150502483095,0.20785441989696496,1724
Cluster_2,-193.0,0.394125950213831,0.20257217719177087,1724
Cluster_2,-192.0,0.40080458594507545,0.20128024054563165,1724
Cluster_2,-191.0,0.3986281327902729,0.20119251828258042,1724
Cluster_2,-190.0,0.39937991909807863,0.2051386018896106,1724
Cluster_2,-189.0,0.4010662800532088,0.20488756745017897,1724
Cluster_2,-188.0,0.39807646246809036,0.2036695348385352,1724
Cluster_2,-187.0,0.40086251363609054,0.20469158351619232,1724
Cluster_2,-186.0,0.39753837482377663,0.2007311268056414,1724
Cluster_2,-185.0,0.39926768625061515,0.20378646289091978,1724
Cluster_2,-184.0,0.3956369082794389,0.20083008477381697,1724
Cluster_2,-183.0,0.3966189510407807,0.20435635281293435,1724
Cluster_2,-182.0,0.39538251377425454,0.2031759496068491,1724
Cluster_2,-181.0,0.39550250236706924,0.20218473631981976,1724
Cluster_2,-180.0,0.4004645671401499,0.20120023152207236,1724
Cluster_2,-179.0,0.3992177012183979,0.20251391665181023,1724
Cluster_2,-178.0,0.400094257533859,0.20626830107533065,1724
Cluster_2,-177.0,0.402625038643424,0.20179299403280584,1724
Cluster_2,-176.0,0.3978608207413258,0.19947735267401892,1724
Cluster_2,-175.0,0.39894180817508373,0.20169425185682924,1724
Cluster_2,-174.0,0.39676342084297905,0.19850598013501378,1724
Cluster_2,-173.0,0.3999224821328675,0.1980288692413766,1724
Cluster_2,-172.0,0.4035018260167724,0.20396592092457008,1724
Cluster_2,-171.0,0.3991621838954857,0.20272566821313637,1724
Cluster_2,-170.0,0.40329176356065555,0.2067522952166821,1724
Cluster_2,-169.0,0.4020541495235376,0.2048313364792916,1724
Cluster_2,-168.0,0.40194654090568904,0.20675577184513538,1724
Cluster_2,-167.0,0.4044954260212729,0.19807271877002672,1724
Cluster_2,-166.0,0.3978529228777736,0.20003459628888687,1724
Cluster_2,-165.0,0.39617961577248456,0.1992667444438427,1724
Cluster_2,-164.0,0.3974624411165826,0.1978466267664058,1724
Cluster_2,-163.0,0.3949539587479765,0.19610564710836487,1724
Cluster_2,-162.0,0.39339014623015783,0.19690852284564142,1724
Cluster_2,-161.0,0.39371730360480495,0.19976392712507984,1724
Cluster_2,-160.0,0.397546861056308,0.19675196948086504,1724
Cluster_2,-159.0,0.39520199122033606,0.19949301220743512,1724
Cluster_2,-158.0,0.4018518720834854,0.19901705604414724,1724
Cluster_2,-157.0,0.4008769334763034,0.19956348245565003,1724
Cluster_2,-156.0,0.39938099077657646,0.19761368265857177,1724
Cluster_2,-155.0,0.3963664768211473,0.1972383051411408,1724
Cluster_2,-154.0,0.39175052322966863,0.1961921807475724,1724
Cluster_2,-153.0,0.39370227201763836,0.1948631145969904,1724
Cluster_2,-152.0,0.3937003849093002,0.196197065317813,1724
Cluster_2,-151.0,0.3998157277808073,0.19886289794749276,1724
Cluster_2,-150.0,0.39266965195627085,0.1961495371713182,1724
Cluster_2,-149.0,0.39514198292411207,0.19745406809495322,1724
Cluster_2,-148.0,0.3951871571067356,0.19743081149731417,1724
Cluster_2,-147.0,0.3986276696901693,0.20097897661405842,1724
Cluster_2,-146.0,0.40357768587359427,0.20104091822500952,1724
Cluster_2,-145.0,0.39838740696745145,0.200189078460259,1724
Cluster_2,-144.0,0.398390044177876,0.19450137743868467,1724
Cluster_2,-143.0,0.4023162285584537,0.1983585751014106,1724
Cluster_2,-142.0,0.3996518735572811,0.20166119473286692,1724
Cluster_2,-141.0,0.3973053714609344,0.19828982016463254,1724
Cluster_2,-140.0,0.3975904399621829,0.1974095894728634,1724
Cluster_2,-139.0,0.3964537698448174,0.19597103853031436,1724
Cluster_2,-138.0,0.3920952866222576,0.19842965257617565,1724
Cluster_2,-137.0,0.3959777787740087,0.1984082501815071,1724
Cluster_2,-136.0,0.39457587652649606,0.1958712395968687,1724
Cluster_2,-135.0,0.3949927835672062,0.1924055797352538,1724
Cluster_2,-134.0,0.39629480346316787,0.19353031181203564,1724
Cluster_2,-133.0,0.39890352256110284,0.19701681991201775,1724
Cluster_2,-132.0,0.39885891602174767,0.19635368985143736,1724
Cluster_2,-131.0,0.39563512528119,0.1959054994883545,1724
Cluster_2,-130.0,0.39292594142965215,0.19276488234545897,1724
Cluster_2,-129.0,0.39688693636248024,0.1958845058405686,1724
Cluster_2,-128.0,0.39599311257292996,0.1972790137473378,1724
Cluster_2,-127.0,0.3941064917311652,0.19046237233820162,1724
Cluster_2,-126.0,0.4006308269547699,0.19589470738968462,1724
Cluster_2,-125.0,0.39479435878771396,0.19615253479614328,1724
Cluster_2,-124.0,0.3944202860972158,0.19686007193474414,1724
Cluster_2,-123.0,0.39897532425830545,0.1953231563071013,1724
Cluster_2,-122.0,0.39985416411003394,0.1949001219166897,1724
Cluster_2,-121.0,0.3996804215897852,0.19551615632191863,1724
Cluster_2,-120.0,0.39478902137744243,0.19225936625923623,1724
Cluster_2,-119.0,0.39661711166383784,0.19730503724730827,1724
Cluster_2,-118.0,0.3948812910384337,0.1918936822730835,1724
Cluster_2,-117.0,0.3985218406425906,0.18985112179300398,1724
Cluster_2,-116.0,0.39259957494800496,0.19206596772841464,1724
Cluster_2,-115.0,0.3943626625570854,0.19218789196847444,1724
Cluster_2,-114.0,0.3943776207512402,0.18937165971953748,1724
Cluster_2,-113.0,0.3978900669657087,0.19001769164381077,1724
Cluster_2,-112.0,0.39546172700024934,0.1931045845193664,1724
Cluster_2,-111.0,0.3971041784616448,0.19455676430117197,1724
Cluster_2,-110.0,0.3947748675259151,0.18913932469612643,1724
Cluster_2,-109.0,0.4005263749614805,0.19488418132673369,1724
Cluster_2,-108.0,0.3968759591343716,0.19359101418855543,1724
Cluster_2,-107.0,0.39550684055100643,0.1953154777878765,1724
Cluster_2,-106.0,0.3981405523084713,0.19403621665636048,1724
Cluster_2,-105.0,0.39667203480966173,0.1977313053577382,1724
Cluster_2,-104.0,0.3952207526713107,0.19344939218971463,1724
Cluster_2,-103.0,0.39789853505471784,0.1957240380290713,1724
Cluster_2,-102.0,0.39992493735369133,0.19166605797874917,1724
Cluster_2,-101.0,0.3994798660131854,0.19346181208909546,1724
Cluster_2,-100.0,0.4021782025208576,0.1881884752641543,1724
Cluster_2,-99.0,0.40053056043851587,0.18999817280152675,1724
Cluster_2,-98.0,0.40014810303636766,0.19206686765195374,1724
Cluster_2,-97.0,0.39910164165273243,0.192640696190538,1724
Cluster_2,-96.0,0.40191984031533246,0.19341987132346375,1724
Cluster_2,-95.0,0.4024101089654366,0.18943448520328343,1724
Cluster_2,-94.0,0.40206208091225915,0.19399848593814734,1724
Cluster_2,-93.0,0.4025532762958286,0.18757314224413943,1724
Cluster_2,-92.0,0.40435878768836914,0.19013975747978926,1724
Cluster_2,-91.0,0.4022620345092658,0.19382185651781111,1724
Cluster_2,-90.0,0.3954923322145546,0.1873346299269021,1724
Cluster_2,-89.0,0.40146591430098955,0.19245464415677807,1724
Cluster_2,-88.0,0.39822274805194074,0.19001804067179848,1724
Cluster_2,-87.0,0.3959289338397303,0.18809586019693933,1724
Cluster_2,-86.0,0.4024755385800286,0.19551279401062227,1724
Cluster_2,-85.0,0.4000530594894026,0.19052308742426854,1724
Cluster_2,-84.0,0.40074447242956485,0.19290070014961974,1724
Cluster_2,-83.0,0.3961476635911806,0.18891959308961936,1724
Cluster_2,-82.0,0.3994201434296887,0.19258796531657335,1724
Cluster_2,-81.0,0.4009235884693119,0.19020677222873117,1724
Cluster_2,-80.0,0.397818093033046,0.19309640197482675,1724
Cluster_2,-79.0,0.4019683504878885,0.19349448827093318,1724
Cluster_2,-78.0,0.4076224510814507,0.19263400031601713,1724
Cluster_2,-77.0,0.3999771163078212,0.19280216351431215,1724
Cluster_2,-76.0,0.404538329451615,0.1965253254851385,1724
Cluster_2,-75.0,0.3988901145476002,0.19267269296310696,1724
Cluster_2,-74.0,0.4050768544302877,0.19000904258374293,1724
Cluster_2,-73.0,0.4021155904679138,0.19107820535522388,1724
Cluster_2,-72.0,0.4069733338028402,0.19120285518976682,1724
Cluster_2,-71.0,0.4076314412841754,0.19263509479979982,1724
Cluster_2,-70.0,0.41141436297083256,0.19180178644722193,1724
Cluster_2,-69.0,0.41714513896929745,0.19806525301670894,1724
Cluster_2,-68.0,0.4122708024587534,0.19972590364503714,1724
Cluster_2,-67.0,0.4125776494920602,0.1964398011948641,1724
Cluster_2,-66.0,0.4102514073615835,0.19260763369399195,1724
Cluster_2,-65.0,0.4169530820945088,0.19146967422128935,1724
Cluster_2,-64.0,0.41102102164193344,0.1941777735734496,1724
Cluster_2,-63.0,0.40979476576691887,0.19554368062225255,1724
Cluster_2,-62.0,0.4074968512612286,0.19270258252994232,1724
Cluster_2,-61.0,0.4121767287883816,0.19650963175782252,1724
Cluster_2,-60.0,0.4099129811611817,0.18958603815161335,1724
Cluster_2,-59.0,0.40807875994852305,0.1872749803480156,1724
Cluster_2,-58.0,0.4066526105606202,0.19251732600623758,1724
Cluster_2,-57.0,0.40547476579532593,0.1887359101020787,1724
Cluster_2,-56.0,0.4154329752098168,0.1891888887740381,1724
Cluster_2,-55.0,0.4109267386827695,0.18734654022215005,1724
Cluster_2,-54.0,0.41523542090290944,0.198175147391503,1724
Cluster_2,-53.0,0.40843472938822667,0.19075547465350728,1724
Cluster_2,-52.0,0.4088556566873323,0.1885541481507357,1724
Cluster_2,-51.0,0.41223021204877675,0.1903639514212193,1724
Cluster_2,-50.0,0.41517688435314326,0.1908267103861929,1724
Cluster_2,-49.0,0.41252218194148677,0.18603470608800296,1724
Cluster_2,-48.0,0.4125545645373879,0.1887387963071253,1724
Cluster_2,-47.0,0.41288644577212524,0.18863762983209081,1724
Cluster_2,-46.0,0.4090591161674347,0.1844830847793988,1724
Cluster_2,-45.0,0.4120945267790604,0.1880734779162359,1724
Cluster_2,-44.0,0.4159200082450025,0.18832920158692465,1724
Cluster_2,-43.0,0.4133266288801261,0.18508728301453697,1724
Cluster_2,-42.0,0.4131489890832279,0.1862985515823286,1724
Cluster_2,-41.0,0.4130492258238861,0.1864886637861837,1724
Cluster_2,-40.0,0.41696557483306007,0.1873010352390937,1724
Cluster_2,-39.0,0.41673462130888567,0.18638426390293547,1724
Cluster_2,-38.0,0.4202189505177269,0.18566339737125997,1724
Cluster_2,-37.0,0.4176908245581098,0.18855764918448195,1724
Cluster_2,-36.0,0.4206644110337615,0.18558648159431204,1724
Cluster_2,-35.0,0.42355243622340477,0.18961296884609488,1724
Cluster_2,-34.0,0.42324146182808925,0.19118862075894058,1724
Cluster_2,-33.0,0.4203937349662937,0.19038898210585098,1724
Cluster_2,-32.0,0.4223323908734979,0.18769542784272628,1724
Cluster_2,-31.0,0.42457641406995933,0.18879146579062167,1724
Cluster_2,-30.0,0.4246940384119873,0.18780944454188667,1724
Cluster_2,-29.0,0.4196979052740106,0.18784260120411195,1724
Cluster_2,-28.0,0.4235050339683311,0.19004644696770526,1724
Cluster_2,-27.0,0.41979375440496774,0.18695273797455442,1724
Cluster_2,-26.0,0.4223601998353174,0.18859859779765278,1724
Cluster_2,-25.0,0.42684883970400045,0.18712945049500723,1724
Cluster_2,-24.0,0.4217403498370194,0.18728866796983068,1724
Cluster_2,-23.0,0.427911843490092,0.18686357193390962,1724
Cluster_2,-22.0,0.4270307473685403,0.18497146398536557,1724
Cluster_2,-21.0,0.4254781584351494,0.18585646793105942,1724
Cluster_2,-20.0,0.42736770158636583,0.18442887393328267,1724
Cluster_2,-19.0,0.4219089610305409,0.1851183758598975,1724
Cluster_2,-18.0,0.4198931231780017,0.17826827725535377,1724
Cluster_2,-17.0,0.41838680152456276,0.1760636132919855,1724
Cluster_2,-16.0,0.4200709706660269,0.17785943805727086,1724
Cluster_2,-15.0,0.419188864124457,0.17899024244767803,1724
Cluster_2,-14.0,0.4273817770151017,0.17937690327177896,1724
Cluster_2,-13.0,0.4467925051714816,0.17731831901746364,1724
Cluster_2,-12.0,0.33183269104948776,0.15349698010700755,1724
Cluster_2,-11.0,0.38130480681223355,0.1657405268318588,1724
Cluster_2,-10.0,0.4123510722596132,0.17080208921429715,1724
Cluster_2,-9.0,0.4324008523587401,0.17603998337384502,1724
Cluster_2,-8.0,0.4508507440279925,0.18093825545768216,1724
Cluster_2,-7.0,0.4713703064657104,0.1880914376518932,1724
Cluster_2,-6.0,0.48601435184103303,0.1933474968042516,1724
Cluster_2,-5.0,0.4995544682884011,0.1961723030728479,1724
Cluster_2,-4.0,0.5052048161782635,0.20087538252601858,1724
Cluster_2,-3.0,0.5203004309049689,0.2014657248541022,1724
Cluster_2,-2.0,0.5188714274330918,0.2051847692861455,1724
Cluster_2,-1.0,0.5221726104999002,0.20778117703308568,1724
Cluster_2,0.0,0.5152471269275449,0.19945872053906089,1724
Cluster_2,1.0,0.5177678990347582,0.19973484129415506,1724
Cluster_2,2.0,0.5145337979006592,0.20011152911144786,1724
Cluster_2,3.0,0.5063736296191698,0.20198912320899803,1724
Cluster_2,4.0,0.4980315001121746,0.1980224262148961,1724
Cluster_2,5.0,0.479315297097803,0.19312617534785956,1724
Cluster_2,6.0,0.4691549640526448,0.18733738141752285,1724
Cluster_2,7.0,0.4665080539097421,0.18855143293260562,1724
Cluster_2,8.0,0.4507509278436098,0.182199188662861,1724
Cluster_2,9.0,0.43393423974829326,0.17835809567710267,1724
Cluster_2,10.0,0.4145167802786385,0.17321639463971011,1724
Cluster_2,11.0,0.3916324127666737,0.17138189262992665,1724
Cluster_2,12.0,0.3356013470617544,0.1643630454743539,1724
Cluster_2,13.0,0.4467461094284422,0.18432846200241634,1724
Cluster_2,14.0,0.4239196061870591,0.18205208580306567,1724
Cluster_2,15.0,0.4145338611039434,0.180429681464113,1724
Cluster_2,16.0,0.41255595921491506,0.17823053305728226,1724
Cluster_2,17.0,0.4142210207501419,0.17942812063650485,1724
Cluster_2,18.0,0.4188497667302055,0.1817408147681964,1724
Cluster_2,19.0,0.4180319583623668,0.18190083990635567,1724
Cluster_2,20.0,0.41010748774929856,0.1817320430630688,1724
Cluster_2,21.0,0.40634919960091515,0.17756631922109933,1724
Cluster_2,22.0,0.41414247833295764,0.18268543677102161,1724
Cluster_2,23.0,0.41025471773714905,0.188751600832986,1724
Cluster_2,24.0,0.4082290933554481,0.18319556650003901,1724
Cluster_2,25.0,0.4077391449325941,0.18368722509208268,1724
Cluster_2,26.0,0.41165515333072483,0.18214376496665668,1724
Cluster_2,27.0,0.40621085551716557,0.17986892532779156,1724
Cluster_2,28.0,0.40005256163242736,0.17718955388246893,1724
Cluster_2,29.0,0.40134916357204925,0.18525858564047998,1724
Cluster_2,30.0,0.4026115555981387,0.18369359165614887,1724
Cluster_2,31.0,0.39752126881902666,0.18365183927936593,1724
Cluster_2,32.0,0.4040539454178459,0.18186183075984932,1724
Cluster_2,33.0,0.40283214995190597,0.18624669936413582,1724
Cluster_2,34.0,0.39921474369771515,0.18486813154086837,1724
Cluster_2,35.0,0.39723164169463077,0.18567636865846762,1724
Cluster_2,36.0,0.3970357505524771,0.18324077953403375,1724
Cluster_2,37.0,0.39371761820351253,0.1826428819477575,1724
Cluster_2,38.0,0.39444068684889105,0.18640427118920438,1724
Cluster_2,39.0,0.3885585723233313,0.1840127576878166,1724
Cluster_2,40.0,0.38940959849964774,0.18658682963531426,1724
Cluster_2,41.0,0.39421467147696415,0.18099574551444275,1724
Cluster_2,42.0,0.39569795886642506,0.18846275706037155,1724
Cluster_2,43.0,0.38402938151280347,0.18364398977344937,1724
Cluster_2,44.0,0.3874511485304442,0.18614694860971823,1724
Cluster_2,45.0,0.3916211978022013,0.18830012766568965,1724
Cluster_2,46.0,0.38931335959361246,0.18423849002701026,1724
Cluster_2,47.0,0.3860059765715361,0.18687899087840973,1724
Cluster_2,48.0,0.3893474207062584,0.18650517936471642,1724
Cluster_2,49.0,0.3880264561708089,0.1913554054364988,1724
Cluster_2,50.0,0.3866305457479919,0.1888453873201238,1724
Cluster_2,51.0,0.3853204688458296,0.1846419096944969,1724
Cluster_2,52.0,0.3861508092840167,0.1872735204565854,1724
Cluster_2,53.0,0.39261315572710476,0.19145568215065312,1724
Cluster_2,54.0,0.38418730035138626,0.18371486392149164,1724
Cluster_2,55.0,0.38491693063668947,0.18649054753569191,1724
Cluster_2,56.0,0.3850702486637066,0.18837529744938616,1724
Cluster_2,57.0,0.3825519522776077,0.1861830314872625,1724
Cluster_2,58.0,0.38420937102965236,0.18816613972707152,1724
Cluster_2,59.0,0.3846245197217785,0.1942930122357221,1724
Cluster_2,60.0,0.3868049374815347,0.1863407745094606,1724
Cluster_2,61.0,0.38468288827825015,0.1890885294715287,1724
Cluster_2,62.0,0.3806951923041314,0.18787066735103525,1724
Cluster_2,63.0,0.3783650881274503,0.18540664828508038,1724
Cluster_2,64.0,0.3830371583064017,0.1851465904752759,1724
Cluster_2,65.0,0.38203510825584214,0.18485942512614795,1724
Cluster_2,66.0,0.37879886223433423,0.18455746713622528,1724
Cluster_2,67.0,0.3786464657853823,0.18631616737107065,1724
Cluster_2,68.0,0.38188494872435447,0.18630243748935205,1724
Cluster_2,69.0,0.3741251027425711,0.18440482609009018,1724
Cluster_2,70.0,0.38523870150549944,0.18499981810557187,1724
Cluster_2,71.0,0.3776565973178463,0.18486709948819163,1724
Cluster_2,72.0,0.3785456886653184,0.18720902360939182,1724
Cluster_2,73.0,0.37670667705038197,0.18690250669064937,1724
Cluster_2,74.0,0.37324176247453966,0.18370023339799477,1724
Cluster_2,75.0,0.37659115045985103,0.18583910676598142,1724
Cluster_2,76.0,0.372525801731294,0.18814970159603744,1724
Cluster_2,77.0,0.37652110869882166,0.18621586514856905,1724
Cluster_2,78.0,0.3753635532569895,0.1861207700831327,1724
Cluster_2,79.0,0.3746275647155909,0.18547971374419184,1724
Cluster_2,80.0,0.3804969953033742,0.18890383314372006,1724
Cluster_2,81.0,0.37349791894104756,0.17765045998582957,1724
Cluster_2,82.0,0.3772213845771549,0.18819105665183142,1724
Cluster_2,83.0,0.37261583103421564,0.18566721216171478,1724
Cluster_2,84.0,0.3693510844015674,0.1859007674372978,1724
Cluster_2,85.0,0.37512478027072754,0.18443071195641367,1724
Cluster_2,86.0,0.3719678551838249,0.18402151326377525,1724
Cluster_2,87.0,0.3725914542548119,0.18859857911102598,1724
Cluster_2,88.0,0.37442535299088275,0.18762970536833917,1724
Cluster_2,89.0,0.3725288372431134,0.1885571710461499,1724
Cluster_2,90.0,0.3719387644937219,0.1868023690917679,1724
Cluster_2,91.0,0.3722523325178156,0.18509221090666203,1724
Cluster_2,92.0,0.3693067072309079,0.1832918186519474,1724
Cluster_2,93.0,0.37088266392624664,0.1840151537488745,1724
Cluster_2,94.0,0.37038159834387274,0.1836920876793782,1724
Cluster_2,95.0,0.36959850844716535,0.18324574318160056,1724
Cluster_2,96.0,0.36930005649685205,0.18582525191655544,1724
Cluster_2,97.0,0.3684046718723271,0.18885199281470025,1724
Cluster_2,98.0,0.373380125227159,0.18907225170036038,1724
Cluster_2,99.0,0.36637802630690125,0.18711202658551893,1724
Cluster_2,100.0,0.3680954530625945,0.184932324997471,1724
Cluster_2,101.0,0.3733854594073851,0.19157182513069346,1724
Cluster_2,102.0,0.3711620761080364,0.19166351970260034,1724
Cluster_2,103.0,0.37238810037737013,0.18730737821729349,1724
Cluster_2,104.0,0.3741108156595601,0.1922887173668894,1724
Cluster_2,105.0,0.37190443770787623,0.1904883368583432,1724
Cluster_2,106.0,0.37435366786569024,0.18941406465116115,1724
Cluster_2,107.0,0.36776018961617324,0.1900621584441079,1724
Cluster_2,108.0,0.3712770095336843,0.18854812562146842,1724
Cluster_2,109.0,0.37360936865718525,0.18967096287707746,1724
Cluster_2,110.0,0.3674850368105734,0.18491287586553068,1724
Cluster_2,111.0,0.367266595661976,0.18715293141353342,1724
Cluster_2,112.0,0.36471906582827673,0.18797863170616325,1724
Cluster_2,113.0,0.3725683731914208,0.1851571261371483,1724
Cluster_2,114.0,0.36857535030662136,0.19030901798084823,1724
Cluster_2,115.0,0.3678736926201833,0.18809313925413484,1724
Cluster_2,116.0,0.3746181839526147,0.1872588807542556,1724
Cluster_2,117.0,0.36513589685549647,0.1860011254766966,1724
Cluster_2,118.0,0.3691709775259241,0.18485473209506526,1724
Cluster_2,119.0,0.36974685173737004,0.19550423484666968,1724
Cluster_2,120.0,0.36399575015699875,0.185533939460949,1724
Cluster_2,121.0,0.3706383316533863,0.19097396039773612,1724
Cluster_2,122.0,0.36817406707854067,0.1883387025238874,1724
Cluster_2,123.0,0.3657983569545003,0.1915483688933419,1724
Cluster_2,124.0,0.36126977529242504,0.1826611612271434,1724
Cluster_2,125.0,0.37055243348065925,0.19260229609042753,1724
Cluster_2,126.0,0.3695263034837017,0.19360895490247226,1724
Cluster_2,127.0,0.3653948865673494,0.18706085182365667,1724
Cluster_2,128.0,0.3627884564945408,0.19048463692914874,1724
Cluster_2,129.0,0.3636287128060074,0.18639040122706044,1724
Cluster_2,130.0,0.36200210112536435,0.18282147005181787,1724
Cluster_2,131.0,0.37049237242059996,0.18934640591672627,1724
Cluster_2,132.0,0.36487996334073497,0.189882771215098,1724
Cluster_2,133.0,0.37010389406753946,0.1904506691451391,1724
Cluster_2,134.0,0.36381378719544794,0.18790069082991,1724
Cluster_2,135.0,0.3626474913538357,0.18701122403751586,1724
Cluster_2,136.0,0.36504758863204495,0.18631717503442652,1724
Cluster_2,137.0,0.3711999833682908,0.18714327548485582,1724
Cluster_2,138.0,0.3700941121767552,0.1914411531593769,1724
Cluster_2,139.0,0.36819104107348105,0.1875861180328147,1724
Cluster_2,140.0,0.36491044714089416,0.18524568399627958,1724
Cluster_2,141.0,0.3676799083265624,0.18868931493161076,1724
Cluster_2,142.0,0.36787125069258536,0.184016489395453,1724
Cluster_2,143.0,0.3679001553806136,0.19139572261205381,1724
Cluster_2,144.0,0.3689992054526053,0.18567360320709597,1724
Cluster_2,145.0,0.3669529796194216,0.19066359035036923,1724
Cluster_2,146.0,0.3654445779645346,0.19015480099594345,1724
Cluster_2,147.0,0.3676143358759705,0.18771452750332615,1724
Cluster_2,148.0,0.3693881605772405,0.19187205076072855,1724
Cluster_2,149.0,0.37237397586352244,0.19583034845100575,1724
Cluster_2,150.0,0.36798816276748814,0.1915905103797794,1724
Cluster_2,151.0,0.3676162422297906,0.18955813193476645,1724
Cluster_2,152.0,0.3701766587905082,0.19470900528926022,1724
Cluster_2,153.0,0.3689073612666156,0.1858809943693996,1724
Cluster_2,154.0,0.3742555620023959,0.19357122129983384,1724
Cluster_2,155.0,0.37407079793628895,0.19775303797736227,1724
Cluster_2,156.0,0.37146890162881324,0.1983128694638826,1724
Cluster_2,157.0,0.3792702884178876,0.19784350208381207,1724
Cluster_2,158.0,0.3712220915621472,0.19981367220756246,1724
Cluster_2,159.0,0.36614261440936097,0.19301204566795951,1724
Cluster_2,160.0,0.37739207655881696,0.19369556350712164,1724
Cluster_2,161.0,0.3747880910506745,0.1898058540683356,1724
Cluster_2,162.0,0.37473924948139553,0.1973552514786485,1724
Cluster_2,163.0,0.3657892704822925,0.18946166466645875,1724
Cluster_2,164.0,0.36900151100114115,0.1941238497713996,1724
Cluster_2,165.0,0.36930565019450684,0.18920502639508696,1724
Cluster_2,166.0,0.3731707596841766,0.1954298403039788,1724
Cluster_2,167.0,0.37538167206402606,0.19282860551393138,1724
Cluster_2,168.0,0.3736948047502214,0.19472443114633836,1724
Cluster_2,169.0,0.37593336524549564,0.19822263904044904,1724
Cluster_2,170.0,0.36992918362352084,0.19670089716831374,1724
Cluster_2,171.0,0.3707952774340695,0.19422826690772432,1724
Cluster_2,172.0,0.37279143137582615,0.19620403062151198,1724
Cluster_2,173.0,0.37312935130352254,0.19513762795411277,1724
Cluster_2,174.0,0.37185300654496717,0.19573931799126634,1724
Cluster_2,175.0,0.37011756959626135,0.19821787444050204,1724
Cluster_2,176.0,0.3721307528328978,0.19828743905144883,1724
Cluster_2,177.0,0.369260808558293,0.1996797242463758,1724
Cluster_2,178.0,0.36929641121680246,0.19445749906621354,1724
Cluster_2,179.0,0.36708308450589716,0.1935703072850328,1724
Cluster_2,180.0,0.36540903327997204,0.1939617758556445,1724
Cluster_2,181.0,0.37227827836877625,0.1943658167096664,1724
Cluster_2,182.0,0.3719881237047755,0.19744922638499,1724
Cluster_2,183.0,0.3695188804094694,0.19733613653926724,1724
Cluster_2,184.0,0.36789642673241163,0.1942039276735746,1724
Cluster_2,185.0,0.37008664222537774,0.19853985455720377,1724
Cluster_2,186.0,0.3710070560539237,0.194231046345938,1724
Cluster_2,187.0,0.3706539662344116,0.1942571430332356,1724
Cluster_2,188.0,0.3691053208673866,0.19869681905653422,1724
Cluster_2,189.0,0.36996632274580565,0.1973339583993264,1724
Cluster_2,190.0,0.3731504454202839,0.19868157442677314,1724
Cluster_2,191.0,0.36939080922254336,0.19512261859827226,1724
Cluster_2,192.0,0.3683910541444291,0.19654613598567136,1724
Cluster_2,193.0,0.3693536314533991,0.19660679328737646,1724
Cluster_2,194.0,0.37403066421379744,0.19895530670867428,1724
Cluster_2,195.0,0.3746203354725217,0.20171381175169203,1724
Cluster_2,196.0,0.3707038545935209,0.19358769930730974,1724
Cluster_2,197.0,0.37890416753402495,0.2046323619697251,1724
Cluster_2,198.0,0.37319115608559567,0.19961152692771664,1724
Cluster_2,199.0,0.3737268490402979,0.19459679454234904,1724
Cluster_2,200.0,0.37130049609308036,0.19836341799950502,1724
Cluster_3,-200.0,0.3082581414576918,0.23998879253266991,471
Cluster_3,-199.0,0.3114766627406224,0.2455385599611875,471
Cluster_3,-198.0,0.3113947672762149,0.23944841936085098,471
Cluster_3,-197.0,0.31184974755433353,0.2426594530256851,471
Cluster_3,-196.0,0.30860436093245985,0.2291600153517376,471
Cluster_3,-195.0,0.31620757377632885,0.24027939250568622,471
Cluster_3,-194.0,0.3143862263466513,0.24062143694850058,471
Cluster_3,-193.0,0.3184769507839138,0.23621279737940917,471
Cluster_3,-192.0,0.3161903705265968,0.23343151752358007,471
Cluster_3,-191.0,0.31710197178120897,0.23705437911188768,471
Cluster_3,-190.0,0.314789654233264,0.226378006948498,471
Cluster_3,-189.0,0.31680648968818986,0.23412225707521722,471
Cluster_3,-188.0,0.30947110602949257,0.22902925737031435,471
Cluster_3,-187.0,0.31037744757103103,0.22439138297494038,471
Cluster_3,-186.0,0.3083696911784438,0.22629742580742318,471
Cluster_3,-185.0,0.31315045834512617,0.23361526652452916,471
Cluster_3,-184.0,0.3106575678466545,0.23090505498572378,471
Cluster_3,-183.0,0.30512304274164315,0.2238296396514019,471
Cluster_3,-182.0,0.3076583890393668,0.22505300432443145,471
Cluster_3,-181.0,0.3094676884095172,0.22101975078540217,471
Cluster_3,-180.0,0.30731941764179677,0.22470457507096275,471
Cluster_3,-179.0,0.3150827086179321,0.22976145647961607,471
Cluster_3,-178.0,0.310179383589114,0.22766553129596462,471
Cluster_3,-177.0,0.3118960475921702,0.2299100399270615,471
Cluster_3,-176.0,0.31966894949514685,0.23575737374307493,471
Cluster_3,-175.0,0.314312689034026,0.2323868397830198,471
Cluster_3,-174.0,0.309787913382037,0.22979447534155426,471
Cluster_3,-173.0,0.3104578375836417,0.22810354299620775,471
Cluster_3,-172.0,0.3097346650731794,0.22167333686048785,471
Cluster_3,-171.0,0.3038441139640423,0.21743082919457604,471
Cluster_3,-170.0,0.31295566982395634,0.2280368933782556,471
Cluster_3,-169.0,0.3174425951141902,0.22997331234175283,471
Cluster_3,-168.0,0.31537427212595054,0.22909178344858191,471
Cluster_3,-167.0,0.31954275562004153,0.2306113653191022,471
Cluster_3,-166.0,0.31267002009330924,0.2328583407494525,471
Cluster_3,-165.0,0.31070602787587853,0.22962653874282601,471
Cluster_3,-164.0,0.31333480600470387,0.22990835027095588,471
Cluster_3,-163.0,0.3070951844011726,0.22890511500430297,471
Cluster_3,-162.0,0.31310696526188914,0.2263527019254585,471
Cluster_3,-161.0,0.3114436338108638,0.22909265583867564,471
Cluster_3,-160.0,0.31237166173126124,0.2308950466272025,471
Cluster_3,-159.0,0.311008428848357,0.22414703900316968,471
Cluster_3,-158.0,0.3102817904046137,0.22281537516807245,471
Cluster_3,-157.0,0.30816598318918836,0.22077959364958666,471
Cluster_3,-156.0,0.3125708618721308,0.22389940209594278,471
Cluster_3,-155.0,0.31104836210586173,0.22606564797791226,471
Cluster_3,-154.0,0.3114966793092869,0.22216826264648437,471
Cluster_3,-153.0,0.3103025342369497,0.22119241958492816,471
Cluster_3,-152.0,0.30713339460860695,0.22399225689402916,471
Cluster_3,-151.0,0.3151339252686988,0.22597631755162467,471
Cluster_3,-150.0,0.30756203736252585,0.22090952976273273,471
Cluster_3,-149.0,0.3128036139886058,0.21866453498053043,471
Cluster_3,-148.0,0.31041419289523736,0.22082939865226694,471
Cluster_3,-147.0,0.3157522121902074,0.22780098604371624,471
Cluster_3,-146.0,0.31042370645738804,0.22010810225233243,471
Cluster_3,-145.0,0.3161834070490064,0.22800021229557452,471
Cluster_3,-144.0,0.3188127427107312,0.22202356699264372,471
Cluster_3,-143.0,0.3167870974759968,0.22826463826050086,471
Cluster_3,-142.0,0.31559655085403804,0.21961529818552414,471
Cluster_3,-141.0,0.31805488047003344,0.22173583609673636,471
Cluster_3,-140.0,0.31478009281248587,0.231285937942094,471
Cluster_3,-139.0,0.3203668605960692,0.22936314409890307,471
Cluster_3,-138.0,0.3150269172840366,0.22633478420166234,471
Cluster_3,-137.0,0.31720394716306,0.22915459731840365,471
Cluster_3,-136.0,0.30992471706476854,0.21843812516005925,471
Cluster_3,-135.0,0.3116214099936329,0.22287592051712285,471
Cluster_3,-134.0,0.3187746018685352,0.22591705576992377,471
Cluster_3,-133.0,0.32224735318568687,0.2236556514188143,471
Cluster_3,-132.0,0.3233241619086007,0.22863375936696112,471
Cluster_3,-131.0,0.3302461638211004,0.22924288945427052,471
Cluster_3,-130.0,0.3247587474962379,0.22811963011297282,471
Cluster_3,-129.0,0.32753980856376347,0.22722504167110416,471
Cluster_3,-128.0,0.3328444370138329,0.23064231336924337,471
Cluster_3,-127.0,0.33102008940434613,0.22713245648242578,471
Cluster_3,-126.0,0.33130809137825984,0.23079353822268783,471
Cluster_3,-125.0,0.3297192939084567,0.2265423130005041,471
Cluster_3,-124.0,0.3346896525646471,0.22357092346780655,471
Cluster_3,-123.0,0.33087643914964354,0.22501526134565306,471
Cluster_3,-122.0,0.3311978686818821,0.22152909984950223,471
Cluster_3,-121.0,0.3259395764187355,0.22069882254457052,471
Cluster_3,-120.0,0.32599112294525523,0.22208649184407173,471
Cluster_3,-119.0,0.32627916343816027,0.21573808688115148,471
Cluster_3,-118.0,0.32330084122433667,0.2186358577410058,471
Cluster_3,-117.0,0.3272649547848797,0.21830265652332217,471
Cluster_3,-116.0,0.33264723470472,0.21954249344626198,471
Cluster_3,-115.0,0.33049806157971146,0.21839789792714356,471
Cluster_3,-114.0,0.3350351003288525,0.2195739533380266,471
Cluster_3,-113.0,0.3334534316809363,0.21545749576265796,471
Cluster_3,-112.0,0.332421562736094,0.22184454622477312,471
Cluster_3,-111.0,0.3401050787646993,0.22328872084409182,471
Cluster_3,-110.0,0.33742652943807033,0.2184067823170645,471
Cluster_3,-109.0,0.3433939455915312,0.21609887085911,471
Cluster_3,-108.0,0.34116370607514457,0.21400380328568874,471
Cluster_3,-107.0,0.33819352290272814,0.2121274922765664,471
Cluster_3,-106.0,0.34456757732085797,0.22003434934509009,471
Cluster_3,-105.0,0.34535687872758675,0.22076786766889592,471
Cluster_3,-104.0,0.34993232272528624,0.22633667150503578,471
Cluster_3,-103.0,0.34875069096200906,0.2232013935413382,471
Cluster_3,-102.0,0.35525081437466205,0.2253244145683603,471
Cluster_3,-101.0,0.3503916031274594,0.22482037590384638,471
Cluster_3,-100.0,0.34381201003995543,0.21330710568156272,471
Cluster_3,-99.0,0.34697028394345864,0.21977771448989328,471
Cluster_3,-98.0,0.34690266513491674,0.21980299172331005,471
Cluster_3,-97.0,0.34691053639991926,0.22300825086023568,471
Cluster_3,-96.0,0.3467235633926346,0.21950285971072422,471
Cluster_3,-95.0,0.3474453099017487,0.21504821678331665,471
Cluster_3,-94.0,0.3482558718042588,0.21524815365182717,471
Cluster_3,-93.0,0.3512508315239234,0.2157681447824016,471
Cluster_3,-92.0,0.3536692181392129,0.21619851588775,471
Cluster_3,-91.0,0.3543191521587055,0.21434086763095272,471
Cluster_3,-90.0,0.3540483074076062,0.2130133089604516,471
Cluster_3,-89.0,0.3572077006825158,0.22144421718911467,471
Cluster_3,-88.0,0.35495570494976847,0.21847852226007847,471
Cluster_3,-87.0,0.35600010611345007,0.21520362286440367,471
Cluster_3,-86.0,0.35094059184281345,0.21276389094005171,471
Cluster_3,-85.0,0.35180480444351264,0.2092465442017974,471
Cluster_3,-84.0,0.3565992229589952,0.2122633420148162,471
Cluster_3,-83.0,0.35176981536712615,0.2057585259987848,471
Cluster_3,-82.0,0.35263718383143267,0.21681681338703823,471
Cluster_3,-81.0,0.3538712874545415,0.21108211465320537,471
Cluster_3,-80.0,0.35698735052271163,0.21340337419019453,471
Cluster_3,-79.0,0.35931467849943505,0.20925912309851005,471
Cluster_3,-78.0,0.3641336328094479,0.2181634465370443,471
Cluster_3,-77.0,0.3615563302405107,0.207907656147074,471
Cluster_3,-76.0,0.3630130578508507,0.21187467505870256,471
Cluster_3,-75.0,0.36122880556573733,0.21611722439444164,471
Cluster_3,-74.0,0.3661582764001975,0.21338312089371436,471
Cluster_3,-73.0,0.370658781642115,0.21477977472962964,471
Cluster_3,-72.0,0.37388394064721203,0.21904484427563736,471
Cluster_3,-71.0,0.37104196693659514,0.2162308274500437,471
Cluster_3,-70.0,0.3722342694175167,0.21844121369369512,471
Cluster_3,-69.0,0.3723652208548215,0.21807599695086405,471
Cluster_3,-68.0,0.3776048533099509,0.22042542054553743,471
Cluster_3,-67.0,0.37651399801667723,0.21577545970371648,471
Cluster_3,-66.0,0.3796559438439234,0.21588299684383538,471
Cluster_3,-65.0,0.3797339088989751,0.215859218614698,471
Cluster_3,-64.0,0.38139438009465987,0.2152792155556635,471
Cluster_3,-63.0,0.38490974898598795,0.2245590859915079,471
Cluster_3,-62.0,0.3879071414258829,0.21809808489806684,471
Cluster_3,-61.0,0.3884491672126465,0.22043217536557413,471
Cluster_3,-60.0,0.38778607955185174,0.22137944652511002,471
Cluster_3,-59.0,0.38799168497940073,0.22243661139906032,471
Cluster_3,-58.0,0.3887006484861644,0.22092187301376812,471
Cluster_3,-57.0,0.3870180613463579,0.21618209565206015,471
Cluster_3,-56.0,0.38635094522601987,0.21855849772849711,471
Cluster_3,-55.0,0.3827656802522963,0.21507318433162365,471
Cluster_3,-54.0,0.3886496573450448,0.21684089750108887,471
Cluster_3,-53.0,0.3804897135138664,0.21113418898182065,471
Cluster_3,-52.0,0.3794148166681817,0.21372206260411428,471
Cluster_3,-51.0,0.38863707469958253,0.20870711173237036,471
Cluster_3,-50.0,0.3377081874372444,0.20007002143672922,471
Cluster_3,-49.0,0.3547159322609243,0.19499593189058564,471
Cluster_3,-48.0,0.3559086875199012,0.19175672264954902,471
Cluster_3,-47.0,0.3578794442355012,0.19257240597233982,471
Cluster_3,-46.0,0.362610449849885,0.19625155764916782,471
Cluster_3,-45.0,0.3623530063857922,0.1880574459390583,471
Cluster_3,-44.0,0.36689882028791754,0.19062719583299045,471
Cluster_3,-43.0,0.37550791068046224,0.19245067282539194,471
Cluster_3,-42.0,0.3840672781482654,0.1936074245560464,471
Cluster_3,-41.0,0.3906947374415343,0.19138150320870348,471
Cluster_3,-40.0,0.3996706159782334,0.19851838240575315,471
Cluster_3,-39.0,0.4016581092010496,0.20443365268005684,471
Cluster_3,-38.0,0.4154819196834875,0.2044191204479086,471
Cluster_3,-37.0,0.42212512281418135,0.20172472944317715,471
Cluster_3,-36.0,0.4300834287482717,0.20415092435336507,471
Cluster_3,-35.0,0.439932799690123,0.20121381232389415,471
Cluster_3,-34.0,0.43869171382133354,0.2081833902475452,471
Cluster_3,-33.0,0.4484509964390497,0.20681266357269815,471
Cluster_3,-32.0,0.45815061165822357,0.2141379623046823,471
Cluster_3,-31.0,0.47535470768823435,0.21357200748350352,471
Cluster_3,-30.0,0.4784213295079384,0.2130493993413977,471
Cluster_3,-29.0,0.49383830053801275,0.2102710596890314,471
Cluster_3,-28.0,0.5040894084192137,0.2110480241304234,471
Cluster_3,-27.0,0.524229545240023,0.2075071578669493,471
Cluster_3,-26.0,0.5358008130384642,0.21321170272194562,471
Cluster_3,-25.0,0.5403786042939619,0.20459473159389302,471
Cluster_3,-24.0,0.5593337772367275,0.20649546978398356,471
Cluster_3,-23.0,0.5673964406847073,0.21028117895316903,471
Cluster_3,-22.0,0.5762894807686244,0.2083451490464761,471
Cluster_3,-21.0,0.5830040014389138,0.20407364000445777,471
Cluster_3,-20.0,0.5944591409838389,0.214188799480943,471
Cluster_3,-19.0,0.5933143241374698,0.2133551830077482,471
Cluster_3,-18.0,0.6099495239112119,0.2133091627210536,471
Cluster_3,-17.0,0.6066968803447401,0.2076762284353579,471
Cluster_3,-16.0,0.6170876801987948,0.20855772733685857,471
Cluster_3,-15.0,0.6230920650141247,0.20567034268503043,471
Cluster_3,-14.0,0.628124627094382,0.20618432528171793,471
Cluster_3,-13.0,0.6337386917528316,0.20970066948618982,471
Cluster_3,-12.0,0.6282776580556123,0.21647132089637233,471
Cluster_3,-11.0,0.6311273765827289,0.21446663463295926,471
Cluster_3,-10.0,0.6323453885485047,0.20555785815620764,471
Cluster_3,-9.0,0.6294256262255727,0.20941181426865701,471
Cluster_3,-8.0,0.6365033906556916,0.20491359948807752,471
Cluster_3,-7.0,0.6421833002039067,0.20262348486896384,471
Cluster_3,-6.0,0.6404553709607029,0.20783478391008015,471
Cluster_3,-5.0,0.6379064530216997,0.20347288252356,471
Cluster_3,-4.0,0.647155825239289,0.2032406193435697,471
Cluster_3,-3.0,0.6452130678392533,0.20736944231152002,471
Cluster_3,-2.0,0.6512917179841364,0.19689036625405468,471
Cluster_3,-1.0,0.6464580033296203,0.2029351766088783,471
Cluster_3,0.0,0.6475153396703378,0.19889615730401755,471
Cluster_3,1.0,0.6426590673631786,0.2019642224355729,471
Cluster_3,2.0,0.64104364956518,0.19880598474684566,471
Cluster_3,3.0,0.6361472663165777,0.20097513040411707,471
Cluster_3,4.0,0.6269015905783479,0.19526692882575938,471
Cluster_3,5.0,0.6295202322816672,0.19476524603150328,471
Cluster_3,6.0,0.6285347843014822,0.18803791373487427,471
Cluster_3,7.0,0.6242492849821643,0.19279845712435506,471
Cluster_3,8.0,0.6225220650129923,0.19010234706172413,471
Cluster_3,9.0,0.6127645535837493,0.181952704175097,471
Cluster_3,10.0,0.6091252153935691,0.19157815998508024,471
Cluster_3,11.0,0.5925212099024403,0.18952261562246453,471
Cluster_3,12.0,0.5892507801691246,0.1865212034595761,471
Cluster_3,13.0,0.5866124114457757,0.1861900171574208,471
Cluster_3,14.0,0.5835073155165248,0.19432118978598364,471
Cluster_3,15.0,0.5750596855016776,0.18591094348451034,471
Cluster_3,16.0,0.565494522497384,0.1842046573202482,471
Cluster_3,17.0,0.5644773536340667,0.18567760830688707,471
Cluster_3,18.0,0.5562474249785904,0.18130143092404147,471
Cluster_3,19.0,0.5528961669808501,0.1837674692804571,471
Cluster_3,20.0,0.5447161503187457,0.18609109523918754,471
Cluster_3,21.0,0.5455298593858809,0.18129125389439113,471
Cluster_3,22.0,0.5351266527934435,0.17722667571705641,471
Cluster_3,23.0,0.5345241388851399,0.17756292281967842,471
Cluster_3,24.0,0.5242886784742745,0.17389397814653085,471
Cluster_3,25.0,0.5211758232357843,0.17876388791651698,471
Cluster_3,26.0,0.5107538956602499,0.17380085986947205,471
Cluster_3,27.0,0.504631746395916,0.17454374512918952,471
Cluster_3,28.0,0.4988755128245515,0.16795118925945848,471
Cluster_3,29.0,0.4982770823331306,0.16468733218206524,471
Cluster_3,30.0,0.48661021697880813,0.15974617018078546,471
Cluster_3,31.0,0.48097963894874335,0.16313383932778447,471
Cluster_3,32.0,0.4795777640794244,0.16522127883503226,471
Cluster_3,33.0,0.47684675200926885,0.16842267990183643,471
Cluster_3,34.0,0.4620371916656789,0.16686913622013125,471
Cluster_3,35.0,0.4580835998590133,0.16002715288629074,471
Cluster_3,36.0,0.45079145339562476,0.16278571140570194,471
Cluster_3,37.0,0.44509764557035614,0.16129543897921664,471
Cluster_3,38.0,0.43723010786758276,0.1614431095742439,471
Cluster_3,39.0,0.43390068275196114,0.16374919229161683,471
Cluster_3,40.0,0.42866131280214465,0.16563170467977495,471
Cluster_3,41.0,0.4262725122883174,0.15670957946877903,471
Cluster_3,42.0,0.4183893203940388,0.15935749799516805,471
Cluster_3,43.0,0.420493812995396,0.15410446147369575,471
Cluster_3,44.0,0.4105671137995813,0.1596296075649486,471
Cluster_3,45.0,0.4091563620168582,0.15678705828408845,471
Cluster_3,46.0,0.4018769071633829,0.15946510585294998,471
Cluster_3,47.0,0.396989504111847,0.15579598841200548,471
Cluster_3,48.0,0.3903425375883483,0.16443031658602847,471
Cluster_3,49.0,0.3724064721473906,0.1567373688016245,471
Cluster_3,50.0,0.36465157695900635,0.15997081278605169,471
Cluster_3,51.0,0.41697460598240244,0.1687570777152397,471
Cluster_3,52.0,0.40370306663471295,0.17462987313092485,471
Cluster_3,53.0,0.4029494998213256,0.17547977948224278,471
Cluster_3,54.0,0.4005633491312997,0.17727495290869258,471
Cluster_3,55.0,0.3977981480937511,0.17581105464213223,471
Cluster_3,56.0,0.3954930984343397,0.18693591884241653,471
Cluster_3,57.0,0.3947958275570906,0.1784897468140412,471
Cluster_3,58.0,0.3885867529087087,0.18525784532720585,471
Cluster_3,59.0,0.38360811517441856,0.1826400589406287,471
Cluster_3,60.0,0.38724315923728525,0.1866714381808176,471
Cluster_3,61.0,0.38619223433328825,0.18241009441699801,471
Cluster_3,62.0,0.3814670648869646,0.18437993259185598,471
Cluster_3,63.0,0.3794407543414109,0.18395607823685411,471
Cluster_3,64.0,0.37444292023755904,0.1785748897126597,471
Cluster_3,65.0,0.37806226885409694,0.18713379731060864,471
Cluster_3,66.0,0.37631704454993375,0.18547722264289204,471
Cluster_3,67.0,0.37608268464741135,0.18929002851206753,471
Cluster_3,68.0,0.37826835428312633,0.18136663251689764,471
Cluster_3,69.0,0.3718734922915887,0.18194465450450023,471
Cluster_3,70.0,0.36780862337477016,0.18829762253191715,471
Cluster_3,71.0,0.3635973571753142,0.18225258757735613,471
Cluster_3,72.0,0.3613689521268118,0.1892843172456736,471
Cluster_3,73.0,0.36054199967985895,0.1880772230844313,471
Cluster_3,74.0,0.3617369907494241,0.18288906081661782,471
Cluster_3,75.0,0.3566664408604083,0.18539298125496637,471
Cluster_3,76.0,0.3547739560893295,0.18857525346080795,471
Cluster_3,77.0,0.3556906157251459,0.1879283115432615,471
Cluster_3,78.0,0.3615429262757158,0.18772099798946748,471
Cluster_3,79.0,0.3515148123158905,0.1856300617555701,471
Cluster_3,80.0,0.3502761232253938,0.18673263358418624,471
Cluster_3,81.0,0.3477213688733862,0.18446315821787998,471
Cluster_3,82.0,0.3488060856017403,0.1873598921510262,471
Cluster_3,83.0,0.3487030648110237,0.18763257054976473,471
Cluster_3,84.0,0.34703233874821826,0.18996015171511174,471
Cluster_3,85.0,0.3418633625234686,0.18108832540466757,471
Cluster_3,86.0,0.34248847287965023,0.18650792664248808,471
Cluster_3,87.0,0.3404794605551874,0.1864886891921942,471
Cluster_3,88.0,0.3409958470903672,0.18962737148466985,471
Cluster_3,89.0,0.3391755969630109,0.1900866323118903,471
Cluster_3,90.0,0.3335363063212189,0.18726786630484774,471
Cluster_3,91.0,0.3391549982297404,0.19207465788758538,471
Cluster_3,92.0,0.3329742701933155,0.19472306960938301,471
Cluster_3,93.0,0.33563590750003736,0.19845461645263207,471
Cluster_3,94.0,0.33264135233687675,0.193151127534729,471
Cluster_3,95.0,0.33758422273321714,0.19460402739294744,471
Cluster_3,96.0,0.32863807961523583,0.19275603712600461,471
Cluster_3,97.0,0.33498458754266436,0.19991228848780668,471
Cluster_3,98.0,0.32817928991141804,0.1959075191730014,471
Cluster_3,99.0,0.32687798891044795,0.19439314056926785,471
Cluster_3,100.0,0.3297761898355416,0.19889495275664476,471
Cluster_3,101.0,0.3236663763992844,0.19915354975121172,471
Cluster_3,102.0,0.3236616812920373,0.19536697812362955,471
Cluster_3,103.0,0.3210009209665652,0.1936444504433082,471
Cluster_3,104.0,0.322960714986338,0.19710327272157288,471
Cluster_3,105.0,0.32655017988972485,0.19176740377657248,471
Cluster_3,106.0,0.3273286117201409,0.19917047954840944,471
Cluster_3,107.0,0.33027152955327477,0.19603642897982285,471
Cluster_3,108.0,0.33026665383020987,0.20260032181758997,471
Cluster_3,109.0,0.3233608808720391,0.20352676997809088,471
Cluster_3,110.0,0.3276463664985822,0.20802414205244737,471
Cluster_3,111.0,0.32747871904104264,0.20546647014486522,471
Cluster_3,112.0,0.3252056616996497,0.2038406756872625,471
Cluster_3,113.0,0.32689473096497285,0.20064259843209453,471
Cluster_3,114.0,0.32377796528465785,0.20405344939554074,471
Cluster_3,115.0,0.33036394685485154,0.2070970402949443,471
Cluster_3,116.0,0.3277316023588261,0.209377275444884,471
Cluster_3,117.0,0.326741898161125,0.20784081569380575,471
Cluster_3,118.0,0.3215573057267372,0.20669479207420183,471
Cluster_3,119.0,0.3284464277949694,0.20627066924711987,471
Cluster_3,120.0,0.32590200399104824,0.20291122835669936,471
Cluster_3,121.0,0.32227970203176504,0.20666845759780023,471
Cluster_3,122.0,0.32541287175397615,0.20411926516894593,471
Cluster_3,123.0,0.32623564939985267,0.2028373630155051,471
Cluster_3,124.0,0.32319222887189786,0.20446074688934054,471
Cluster_3,125.0,0.3161239576314522,0.20050054038826667,471
Cluster_3,126.0,0.3225026870891239,0.2061383202113286,471
Cluster_3,127.0,0.31666744037147454,0.20583379069598595,471
Cluster_3,128.0,0.313010365903707,0.20567323130034434,471
Cluster_3,129.0,0.31529617438102187,0.203021170762443,471
Cluster_3,130.0,0.31076781094137096,0.19869519005732045,471
Cluster_3,131.0,0.31097735435677515,0.20328339251716276,471
Cluster_3,132.0,0.30840979449374034,0.2047098589868771,471
Cluster_3,133.0,0.3066515217753534,0.1976832421171278,471
Cluster_3,134.0,0.31044728559151696,0.2030616129977361,471
Cluster_3,135.0,0.31040558082790776,0.20507217865105593,471
Cluster_3,136.0,0.311682471630669,0.20546434879149003,471
Cluster_3,137.0,0.31135127402428164,0.20471313480747352,471
Cluster_3,138.0,0.3165100541749785,0.20810539498055483,471
Cluster_3,139.0,0.313958251936919,0.21080116301685228,471
Cluster_3,140.0,0.3111630530441688,0.2135158683588625,471
Cluster_3,141.0,0.3072967151922368,0.20948665671927658,471
Cluster_3,142.0,0.3111514435718968,0.21647629849543068,471
Cluster_3,143.0,0.30543005113367655,0.20782210900974465,471
Cluster_3,144.0,0.3078865744021252,0.2102784798652288,471
Cluster_3,145.0,0.3071502333258316,0.20410270882768222,471
Cluster_3,146.0,0.30800873024833336,0.21148171284709355,471
Cluster_3,147.0,0.3112124810620813,0.2147070847994566,471
Cluster_3,148.0,0.3067459632734268,0.2107857947972026,471
Cluster_3,149.0,0.3119267712610764,0.2164039204966831,471
Cluster_3,150.0,0.30837362967076604,0.2107767449290713,471
Cluster_3,151.0,0.3102899223452639,0.21451886629905179,471
Cluster_3,152.0,0.3122657041240558,0.21775065975592664,471
Cluster_3,153.0,0.3098870096979857,0.22311243413099685,471
Cluster_3,154.0,0.31085250648805557,0.21441174566691085,471
Cluster_3,155.0,0.30559353983595916,0.21287653159766257,471
Cluster_3,156.0,0.30698002377922534,0.21044696748910113,471
Cluster_3,157.0,0.30878295881583495,0.21189322432220922,471
Cluster_3,158.0,0.3092863224595843,0.21389220596203054,471
Cluster_3,159.0,0.3134262243411224,0.21473949377240362,471
Cluster_3,160.0,0.30568344081436644,0.20727559937616707,471
Cluster_3,161.0,0.3042144991217081,0.2076250061143186,471
Cluster_3,162.0,0.3054006771156073,0.21154474460301526,471
Cluster_3,163.0,0.30491335631680494,0.21306666936262145,471
Cluster_3,164.0,0.3031214799247425,0.20757794475776048,471
Cluster_3,165.0,0.3056494210014342,0.2099015149442369,471
Cluster_3,166.0,0.30917157124492994,0.21158308174502688,471
Cluster_3,167.0,0.3052089107047489,0.21003803119816472,471
Cluster_3,168.0,0.31162637513416225,0.21471583580252265,471
Cluster_3,169.0,0.3098739730411948,0.2148379268536785,471
Cluster_3,170.0,0.3034143366186136,0.20749270435200975,471
Cluster_3,171.0,0.30345376772541693,0.21110985767720394,471
Cluster_3,172.0,0.30284966729985485,0.2115532562248996,471
Cluster_3,173.0,0.3048880627647328,0.21367647376218676,471
Cluster_3,174.0,0.3000935275451777,0.21192248646544176,471
Cluster_3,175.0,0.3048080945507903,0.21047569763540402,471
Cluster_3,176.0,0.3000414811518839,0.2127324763742975,471
Cluster_3,177.0,0.30148535772176316,0.21205925626579428,471
Cluster_3,178.0,0.29529393373514035,0.20330433540452789,471
Cluster_3,179.0,0.2992280613261991,0.2152166001379979,471
Cluster_3,180.0,0.30689031562832014,0.21701290867540465,471
Cluster_3,181.0,0.29990143975819106,0.2088101223351443,471
Cluster_3,182.0,0.30131195531792404,0.21952534388206785,471
Cluster_3,183.0,0.29726236383045507,0.21372778753636373,471
Cluster_3,184.0,0.3017382669744552,0.21889889773427162,471
Cluster_3,185.0,0.30206600314386656,0.21625635886983008,471
Cluster_3,186.0,0.29967865389127135,0.21502202622816846,471
Cluster_3,187.0,0.30691642708645284,0.22219097533174548,471
Cluster_3,188.0,0.3050709555868623,0.2224337046486447,471
Cluster_3,189.0,0.30049923578886245,0.21971302052987518,471
Cluster_3,190.0,0.30949256020020716,0.2212260472772924,471
Cluster_3,191.0,0.30629441755460984,0.22368416615935513,471
Cluster_3,192.0,0.3118505702018164,0.22588632155398577,471
Cluster_3,193.0,0.3126852324376845,0.22775724078649534,471
Cluster_3,194.0,0.298897606430149,0.221804940369393,471
Cluster_3,195.0,0.31393129532060166,0.23062627999390758,471
Cluster_3,196.0,0.3055137054506532,0.22134749731470893,471
Cluster_3,197.0,0.3132925908494834,0.2248633570366604,471
Cluster_3,198.0,0.3069339629875037,0.2236506161721625,471
Cluster_3,199.0,0.3153675011582295,0.22670947003512928,471
Cluster_3,200.0,0.31730311581245235,0.2344889520510637,471
Cluster_4,-200.0,0.2629543719189966,0.215534450536807,2137
Cluster_4,-199.0,0.2654371714315174,0.21633535538221654,2137
Cluster_4,-198.0,0.2659969009246109,0.2144688168308366,2137
Cluster_4,-197.0,0.2680268234217412,0.2118945259640796,2137
Cluster_4,-196.0,0.2703241030236698,0.21515151644789088,2137
Cluster_4,-195.0,0.2657856321662289,0.21257214530450547,2137
Cluster_4,-194.0,0.2698464137554221,0.213170029952952,2137
Cluster_4,-193.0,0.27256449733928834,0.21420934542893358,2137
Cluster_4,-192.0,0.2709985963381749,0.21549487685487903,2137
Cluster_4,-191.0,0.27077765747069077,0.21345906828907113,2137
Cluster_4,-190.0,0.27411409685067833,0.21581158922853946,2137
Cluster_4,-189.0,0.27319412094214174,0.21292578669579867,2137
Cluster_4,-188.0,0.27611339118385064,0.21179794670425073,2137
Cluster_4,-187.0,0.2789613797043218,0.21694777502309767,2137
Cluster_4,-186.0,0.2797523619377005,0.21669755364137633,2137
Cluster_4,-185.0,0.2786926717617869,0.21461562796326286,2137
Cluster_4,-184.0,0.2777722195867838,0.21682777180063997,2137
Cluster_4,-183.0,0.2790573378745292,0.21588287775639997,2137
Cluster_4,-182.0,0.27839928413937065,0.21544862051552593,2137
Cluster_4,-181.0,0.28243004606889954,0.2177755886425221,2137
Cluster_4,-180.0,0.2814169772304964,0.21667518663129315,2137
Cluster_4,-179.0,0.285949432084351,0.21994783931270717,2137
Cluster_4,-178.0,0.28205863049826785,0.21626831047262343,2137
Cluster_4,-177.0,0.2863945813054944,0.2146439117812163,2137
Cluster_4,-176.0,0.28338992295601867,0.217490799117522,2137
Cluster_4,-175.0,0.2881820162668221,0.21855005712721698,2137
Cluster_4,-174.0,0.2850654364514752,0.21619542285574708,2137
Cluster_4,-173.0,0.28785809230398574,0.21758604253465513,2137
Cluster_4,-172.0,0.29268106694013796,0.22284735973548037,2137
Cluster_4,-171.0,0.29013473436410886,0.2206513456455472,2137
Cluster_4,-170.0,0.2903173640004221,0.22001963643415565,2137
Cluster_4,-169.0,0.29128722649046707,0.21889207430765037,2137
Cluster_4,-168.0,0.29107201295155216,0.21527401148337438,2137
Cluster_4,-167.0,0.28844571787551326,0.21929643082657915,2137
Cluster_4,-166.0,0.2942717923285897,0.21999356961708436,2137
Cluster_4,-165.0,0.2940079720478795,0.22156045838888408,2137
Cluster_4,-164.0,0.2921772044083668,0.21778855999783078,2137
Cluster_4,-163.0,0.29184267169344574,0.21479884919934855,2137
Cluster_4,-162.0,0.2895973164819541,0.2158717544487244,2137
Cluster_4,-161.0,0.28917621122508247,0.21694849187215762,2137
Cluster_4,-160.0,0.2900378295658617,0.21414200021880805,2137
Cluster_4,-159.0,0.2906701609817626,0.21334524488229706,2137
Cluster_4,-158.0,0.29195370629960227,0.2139527721654169,2137
Cluster_4,-157.0,0.29166960651684815,0.21361070201240284,2137
Cluster_4,-156.0,0.29604593091870535,0.2166192706319187,2137
Cluster_4,-155.0,0.2900047818985893,0.21365738376282106,2137
Cluster_4,-154.0,0.29159935288356753,0.21263379849576644,2137
Cluster_4,-153.0,0.29190423335375487,0.2113038844074412,2137
Cluster_4,-152.0,0.2961344731793165,0.21232981198176892,2137
Cluster_4,-151.0,0.2949585486133926,0.21122582673352325,2137
Cluster_4,-150.0,0.2987947329024783,0.21184032705141728,2137
Cluster_4,-149.0,0.29603601415433217,0.20944507072432167,2137
Cluster_4,-148.0,0.29793688569255344,0.2111588388693003,2137
Cluster_4,-147.0,0.30006869800960984,0.21052577766199193,2137
Cluster_4,-146.0,0.2990065597739756,0.21047868250776,2137
Cluster_4,-145.0,0.2978262435925516,0.21079077757569628,2137
Cluster_4,-144.0,0.2998552326394294,0.21153860434280436,2137
Cluster_4,-143.0,0.29988498720327117,0.21403803745269054,2137
Cluster_4,-142.0,0.3034261922585203,0.21288573254063894,2137
Cluster_4,-141.0,0.30470088522373495,0.21452446960598212,2137
Cluster_4,-140.0,0.3034481955986036,0.21590259480142437,2137
Cluster_4,-139.0,0.30625914977556884,0.21663952170910833,2137
Cluster_4,-138.0,0.3053988463491536,0.21604615503353217,2137
Cluster_4,-137.0,0.31020750519704104,0.21809061164640758,2137
Cluster_4,-136.0,0.3054413287772952,0.21717958279616703,2137
Cluster_4,-135.0,0.3026719883617755,0.21289515735238013,2137
Cluster_4,-134.0,0.30609779906811224,0.21219117818031294,2137
Cluster_4,-133.0,0.3077512533971145,0.21196487694599894,2137
Cluster_4,-132.0,0.30694267109909174,0.21297768873385445,2137
Cluster_4,-131.0,0.30779588438634903,0.21462619330037302,2137
Cluster_4,-130.0,0.31068672536584035,0.2163479785503151,2137
Cluster_4,-129.0,0.31167842397973144,0.2179538675876735,2137
Cluster_4,-128.0,0.31287284335245186,0.21838547050303356,2137
Cluster_4,-127.0,0.3120095888205726,0.21713742451635973,2137
Cluster_4,-126.0,0.3143893510454309,0.21715753568181909,2137
Cluster_4,-125.0,0.31664017525052257,0.2201002650951651,2137
Cluster_4,-124.0,0.3155680757799201,0.22052188447100185,2137
Cluster_4,-123.0,0.3151378814212198,0.21886225186123467,2137
Cluster_4,-122.0,0.31877408785842476,0.22041806043741582,2137
Cluster_4,-121.0,0.31592768285179224,0.21977570099881238,2137
Cluster_4,-120.0,0.31805426016684696,0.22119594232531645,2137
Cluster_4,-119.0,0.31695779729435114,0.2202870518746707,2137
Cluster_4,-118.0,0.3195015287913639,0.22084224481789985,2137
Cluster_4,-117.0,0.32220550765883116,0.2236826170517501,2137
Cluster_4,-116.0,0.3231100396023757,0.2242789280973159,2137
Cluster_4,-115.0,0.3237077041875445,0.2258771001180564,2137
Cluster_4,-114.0,0.3198127513551762,0.22500950062494626,2137
Cluster_4,-113.0,0.3245352328264258,0.22643973995225927,2137
Cluster_4,-112.0,0.3222156263893637,0.2253428331446584,2137
Cluster_4,-111.0,0.3291570305137196,0.22771148276590458,2137
Cluster_4,-110.0,0.32512987657402553,0.22600640102272554,2137
Cluster_4,-109.0,0.32918689124899103,0.2231573339292114,2137
Cluster_4,-108.0,0.33179405188984334,0.226570108487018,2137
Cluster_4,-107.0,0.32950427444152414,0.22390795094058935,2137
Cluster_4,-106.0,0.33104317942904465,0.22429667616217785,2137
Cluster_4,-105.0,0.3302822671849618,0.22568245164451378,2137
Cluster_4,-104.0,0.3304295185614497,0.22395650154096314,2137
Cluster_4,-103.0,0.3307700580655962,0.22358707063859312,2137
Cluster_4,-102.0,0.3352807844474871,0.2231140654955761,2137
Cluster_4,-101.0,0.3373874404642177,0.22181988174642822,2137
Cluster_4,-100.0,0.3356940453206567,0.2239689890358694,2137
Cluster_4,-99.0,0.33588862189066554,0.22372756051204265,2137
Cluster_4,-98.0,0.33955875729235996,0.22581233372060774,2137
Cluster_4,-97.0,0.34168265987321356,0.22555906140523177,2137
Cluster_4,-96.0,0.33878200215084353,0.22414700885963693,2137
Cluster_4,-95.0,0.3440037402573212,0.22670475744499863,2137
Cluster_4,-94.0,0.34301194397934315,0.2275587959284753,2137
Cluster_4,-93.0,0.34299159006679164,0.22549978288133338,2137
Cluster_4,-92.0,0.3461407566192792,0.22563410801116118,2137
Cluster_4,-91.0,0.34153867089521656,0.22475181200180724,2137
Cluster_4,-90.0,0.34683630189642217,0.22802205601980394,2137
Cluster_4,-89.0,0.3462832645303231,0.22517893200658426,2137
Cluster_4,-88.0,0.3497374216760146,0.2281526784723344,2137
Cluster_4,-87.0,0.34741298140084503,0.22638543573135816,2137
Cluster_4,-86.0,0.35006942990079126,0.2259056172507951,2137
Cluster_4,-85.0,0.34691715241136684,0.2238554745730954,2137
Cluster_4,-84.0,0.34999916666145225,0.22526836745820744,2137
Cluster_4,-83.0,0.3535019737817783,0.2275365449888249,2137
Cluster_4,-82.0,0.3548487923628674,0.2272085306754757,2137
Cluster_4,-81.0,0.3590951076700326,0.22763125603443554,2137
Cluster_4,-80.0,0.3535699163305482,0.22739322348313123,2137
Cluster_4,-79.0,0.3586714882029323,0.2266383373326287,2137
Cluster_4,-78.0,0.3598590255921998,0.2288055619427621,2137
Cluster_4,-77.0,0.3593261098920241,0.23024323282625198,2137
Cluster_4,-76.0,0.36137269251094545,0.22879267134725684,2137
Cluster_4,-75.0,0.3639491320956571,0.22651884255798463,2137
Cluster_4,-74.0,0.3647986382097498,0.22891638019602822,2137
Cluster_4,-73.0,0.3646738886005059,0.22709143042711377,2137
Cluster_4,-72.0,0.3634184243959035,0.22682643920869328,2137
Cluster_4,-71.0,0.36949950225048933,0.23017700062994623,2137
Cluster_4,-70.0,0.37019773246952653,0.22943360426780385,2137
Cluster_4,-69.0,0.3706597258255398,0.2282124599723599,2137
Cluster_4,-68.0,0.37279836632074664,0.22692118251279186,2137
Cluster_4,-67.0,0.3744442946335144,0.23137698698368944,2137
Cluster_4,-66.0,0.37775027710296566,0.2331484000729758,2137
Cluster_4,-65.0,0.38135708207244046,0.23044015603005671,2137
Cluster_4,-64.0,0.37972471700442295,0.23354101662848722,2137
Cluster_4,-63.0,0.382499588106342,0.23134809473293044,2137
Cluster_4,-62.0,0.38691409801187293,0.23400637009063074,2137
Cluster_4,-61.0,0.38832457568000883,0.2317064413722837,2137
Cluster_4,-60.0,0.3874191012622026,0.23087213179945562,2137
Cluster_4,-59.0,0.39013444079139586,0.23414254024047815,2137
Cluster_4,-58.0,0.3899953921622433,0.23146071463934445,2137
Cluster_4,-57.0,0.38965065078727534,0.23203119626890445,2137
Cluster_4,-56.0,0.39219062910937524,0.2323383228681888,2137
Cluster_4,-55.0,0.39380364940578544,0.23234664195953805,2137
Cluster_4,-54.0,0.3946425773475306,0.23000324611013848,2137
Cluster_4,-53.0,0.39622758603010744,0.23237492658831033,2137
Cluster_4,-52.0,0.39939356021957334,0.23033344944775125,2137
Cluster_4,-51.0,0.3977105858094077,0.22953709629284733,2137
Cluster_4,-50.0,0.3953442874619766,0.2271926722411077,2137
Cluster_4,-49.0,0.4013981510309693,0.22898784401938352,2137
Cluster_4,-48.0,0.40147303468974865,0.22893491234174482,2137
Cluster_4,-47.0,0.40101343427633684,0.22521700801511835,2137
Cluster_4,-46.0,0.40805680519676085,0.22929652818208388,2137
Cluster_4,-45.0,0.4124279050800015,0.22912038998902895,2137
Cluster_4,-44.0,0.4165538740087208,0.22815443099626384,2137
Cluster_4,-43.0,0.42012677237098456,0.22828060158607166,2137
Cluster_4,-42.0,0.4210153099371718,0.23005193129569768,2137
Cluster_4,-41.0,0.42527516003643384,0.22958161977864636,2137
Cluster_4,-40.0,0.42674542328462267,0.22867776743203572,2137
Cluster_4,-39.0,0.4285372801734381,0.22760106289103144,2137
Cluster_4,-38.0,0.43283617530833585,0.22582113162877254,2137
Cluster_4,-37.0,0.43685827688114004,0.22538483912865412,2137
Cluster_4,-36.0,0.44427433311396575,0.2241608337196584,2137
Cluster_4,-35.0,0.44494469935163206,0.22742495592646164,2137
Cluster_4,-34.0,0.45509779990841653,0.22958870156993932,2137
Cluster_4,-33.0,0.4533760139784523,0.2307097925354241,2137
Cluster_4,-32.0,0.4651131952400421,0.23306180739546967,2137
Cluster_4,-31.0,0.46779008286442153,0.23166243126472155,2137
Cluster_4,-30.0,0.4677985469177705,0.23178556290537844,2137
Cluster_4,-29.0,0.4702350868398328,0.22642710050530052,2137
Cluster_4,-28.0,0.47362017668029255,0.2269862734974043,2137
Cluster_4,-27.0,0.47504042249507183,0.22569323090305748,2137
Cluster_4,-26.0,0.4800698835438268,0.2219290610918369,2137
Cluster_4,-25.0,0.48051096362991264,0.22311456875137659,2137
Cluster_4,-24.0,0.4843280395222326,0.22054178848014291,2137
Cluster_4,-23.0,0.489121398256436,0.22041222340577538,2137
Cluster_4,-22.0,0.4878831787632213,0.21592380215520393,2137
Cluster_4,-21.0,0.4927727499024755,0.216790487052644,2137
Cluster_4,-20.0,0.489939112519562,0.2144175841072756,2137
Cluster_4,-19.0,0.4899836662421126,0.21793310939604252,2137
Cluster_4,-18.0,0.4973724933301432,0.21505365389710485,2137
Cluster_4,-17.0,0.49736410597520847,0.21272222998068593,2137
Cluster_4,-16.0,0.4983903084927173,0.21193689335288088,2137
Cluster_4,-15.0,0.49919921180097654,0.2083555113041833,2137
Cluster_4,-14.0,0.5020416059344321,0.2098007963357076,2137
Cluster_4,-13.0,0.5142320842666875,0.20916567839498507,2137
Cluster_4,-12.0,0.4585970300190197,0.20138470328606894,2137
Cluster_4,-11.0,0.49468326739949087,0.19317430296276103,2137
Cluster_4,-10.0,0.5176192015701059,0.1881819864432779,2137
Cluster_4,-9.0,0.5546700696233388,0.18576254955070465,2137
Cluster_4,-8.0,0.5973614649658046,0.18498843983017427,2137
Cluster_4,-7.0,0.6327126619135213,0.1858221185169609,2137
Cluster_4,-6.0,0.6613775342296508,0.19313558498700795,2137
Cluster_4,-5.0,0.6786974687123084,0.19823510285497448,2137
Cluster_4,-4.0,0.6847875152045485,0.20033146943523844,2137
Cluster_4,-3.0,0.6916007421779685,0.2015347170555535,2137
Cluster_4,-2.0,0.6856488093600691,0.20062620829187114,2137
Cluster_4,-1.0,0.6812494672671366,0.1957967390658144,2137
Cluster_4,0.0,0.6769760355859986,0.1963055115646776,2137
Cluster_4,1.0,0.6685254901909436,0.19359351277893788,2137
Cluster_4,2.0,0.6620379022655603,0.1938857493834662,2137
Cluster_4,3.0,0.6559408712475379,0.1918500238601615,2137
Cluster_4,4.0,0.6465281343936133,0.19059125183357478,2137
Cluster_4,5.0,0.6337422951608748,0.1820690033914141,2137
Cluster_4,6.0,0.6294360385365778,0.18078749944358224,2137
Cluster_4,7.0,0.615314943925668,0.18207838349884148,2137
Cluster_4,8.0,0.6065592401181936,0.1836653292512376,2137
Cluster_4,9.0,0.594227425779922,0.17633818939324,2137
Cluster_4,10.0,0.5824533723248742,0.17636951886776825,2137
Cluster_4,11.0,0.5630418338026913,0.17570856802454843,2137
Cluster_4,12.0,0.5256749867917087,0.1739098759687753,2137
Cluster_4,13.0,0.585225752288748,0.17774206965204903,2137
Cluster_4,14.0,0.5667882288851497,0.17835872797936006,2137
Cluster_4,15.0,0.5567373119749323,0.18068771047301485,2137
Cluster_4,16.0,0.5534654072003002,0.1766716335371139,2137
Cluster_4,17.0,0.5470500009776365,0.17520129903213771,2137
Cluster_4,18.0,0.542077698743756,0.18047314033370976,2137
Cluster_4,19.0,0.5373689782117208,0.17880842432965588,2137
Cluster_4,20.0,0.5379942751239846,0.17742124213085067,2137
Cluster_4,21.0,0.531075172838575,0.18366950171873048,2137
Cluster_4,22.0,0.5305524660560671,0.1801433796785217,2137
Cluster_4,23.0,0.5289382554914995,0.18199961299619566,2137
Cluster_4,24.0,0.5230058589377158,0.18227977860295233,2137
Cluster_4,25.0,0.5163732167832394,0.18288906211120448,2137
Cluster_4,26.0,0.5193447725009882,0.18322792905591342,2137
Cluster_4,27.0,0.5164537151745112,0.18126361267796468,2137
Cluster_4,28.0,0.5140494024839374,0.1833383086115041,2137
Cluster_4,29.0,0.5092024872866463,0.18252255767479816,2137
Cluster_4,30.0,0.5001526263526541,0.18112693985945214,2137
Cluster_4,31.0,0.49847164828900614,0.18235048533343623,2137
Cluster_4,32.0,0.492071872288303,0.18753809857537074,2137
Cluster_4,33.0,0.49326903044482867,0.18388257762859306,2137
Cluster_4,34.0,0.4864591566331813,0.18246656908857678,2137
Cluster_4,35.0,0.4830048531767517,0.18787287541469053,2137
Cluster_4,36.0,0.4812495061174173,0.18824192427567013,2137
Cluster_4,37.0,0.4742051010838782,0.18656489559090075,2137
Cluster_4,38.0,0.4741079132847668,0.18720042249597177,2137
Cluster_4,39.0,0.4697890374100858,0.18679707119816744,2137
Cluster_4,40.0,0.4680545286410206,0.18968135276903178,2137
Cluster_4,41.0,0.4650213497470704,0.18818959587118372,2137
Cluster_4,42.0,0.46163952364294997,0.18766082343051693,2137
Cluster_4,43.0,0.45564891048150746,0.18491782356333109,2137
Cluster_4,44.0,0.45342215870569064,0.1864294247096924,2137
Cluster_4,45.0,0.45390918607341185,0.18686153377244544,2137
Cluster_4,46.0,0.4497512028559437,0.18850194058233885,2137
Cluster_4,47.0,0.4457501593257771,0.18951952871845065,2137
Cluster_4,48.0,0.4415377288440054,0.18947782616543873,2137
Cluster_4,49.0,0.4405563300832689,0.1898486123881816,2137
Cluster_4,50.0,0.43662748833765797,0.1918750912744587,2137
Cluster_4,51.0,0.4414850575336705,0.19169606377865964,2137
Cluster_4,52.0,0.43992868681854286,0.19038481408626162,2137
Cluster_4,53.0,0.4335663307279859,0.1932855735785468,2137
Cluster_4,54.0,0.43526636961226073,0.19215532152297768,2137
Cluster_4,55.0,0.43601238057306346,0.1950085984321866,2137
Cluster_4,56.0,0.4337956059761938,0.1948055295559453,2137
Cluster_4,57.0,0.4328040926022155,0.19594253600142422,2137
Cluster_4,58.0,0.42787538388014523,0.19316640809136035,2137
Cluster_4,59.0,0.4277484234054007,0.1911810347886121,2137
Cluster_4,60.0,0.425836018486109,0.1937554899737478,2137
Cluster_4,61.0,0.4222661940093624,0.19123923158647932,2137
Cluster_4,62.0,0.4203329168519244,0.19351154211117463,2137
Cluster_4,63.0,0.41881619210656623,0.19523826365029884,2137
Cluster_4,64.0,0.4153166323389635,0.1950561154311785,2137
Cluster_4,65.0,0.41192818152504773,0.19380891739307082,2137
Cluster_4,66.0,0.4126608750706478,0.19239828423552827,2137
Cluster_4,67.0,0.4121086567622029,0.1940486949684408,2137
Cluster_4,68.0,0.40527452066444547,0.19340604954374352,2137
Cluster_4,69.0,0.4087876081696265,0.19591213403858296,2137
Cluster_4,70.0,0.4048744506140035,0.19405191972540467,2137
Cluster_4,71.0,0.40453495820415847,0.19642202675194906,2137
Cluster_4,72.0,0.40529265039396106,0.19538537500774913,2137
Cluster_4,73.0,0.40193791790189726,0.19441338163187993,2137
Cluster_4,74.0,0.3984734037118222,0.19555769086473354,2137
Cluster_4,75.0,0.4001385866656024,0.1973557135596225,2137
Cluster_4,76.0,0.3995668374310955,0.19562078732219826,2137
Cluster_4,77.0,0.3915765876812132,0.1927173050462408,2137
Cluster_4,78.0,0.3911988403349529,0.192388821938423,2137
Cluster_4,79.0,0.3897745866916346,0.19273028442838303,2137
Cluster_4,80.0,0.38786973327938606,0.19493176729103617,2137
Cluster_4,81.0,0.38740745675293836,0.19298379969657314,2137
Cluster_4,82.0,0.38653618979870114,0.1925248631203094,2137
Cluster_4,83.0,0.38234757922571894,0.19162745263640033,2137
Cluster_4,84.0,0.38164120959776326,0.1939859058866404,2137
Cluster_4,85.0,0.3831025657980765,0.193148388882934,2137
Cluster_4,86.0,0.38040434324199285,0.19324007374823182,2137
Cluster_4,87.0,0.37779026930172155,0.1957963954314101,2137
Cluster_4,88.0,0.37350607969184346,0.19550413781021234,2137
Cluster_4,89.0,0.37686375947038625,0.19553592381782298,2137
Cluster_4,90.0,0.3737271512452084,0.19864814331067948,2137
Cluster_4,91.0,0.3777002274505928,0.19938406681037532,2137
Cluster_4,92.0,0.37763612492045623,0.19902106833436645,2137
Cluster_4,93.0,0.37220401054285185,0.1981952515683268,2137
Cluster_4,94.0,0.3713823203328224,0.19940769894938323,2137
Cluster_4,95.0,0.3711820809851079,0.19992934291737752,2137
Cluster_4,96.0,0.3694000417331759,0.2007896409485572,2137
Cluster_4,97.0,0.3666943506681028,0.1979646092672082,2137
Cluster_4,98.0,0.369958404420517,0.19780046880232796,2137
Cluster_4,99.0,0.3622871896128127,0.1989467248186397,2137
Cluster_4,100.0,0.3644041777567005,0.1961694563833005,2137
Cluster_4,101.0,0.3640526259033486,0.1981128709692825,2137
Cluster_4,102.0,0.36581209912781193,0.20189354385858455,2137
Cluster_4,103.0,0.36262164129869334,0.19676406468759053,2137
Cluster_4,104.0,0.3621119016109025,0.19759023105850304,2137
Cluster_4,105.0,0.35927603525843477,0.19595138725782343,2137
Cluster_4,106.0,0.3586997274307559,0.19653366556725066,2137
Cluster_4,107.0,0.3567697435567201,0.1952608845580437,2137
Cluster_4,108.0,0.35174667816118316,0.19731019052708376,2137
Cluster_4,109.0,0.3518113760873338,0.1944251342977867,2137
Cluster_4,110.0,0.34595917687658634,0.1916267599372532,2137
Cluster_4,111.0,0.3475482457817777,0.19504270462126325,2137
Cluster_4,112.0,0.3464098910239623,0.19545776241750312,2137
Cluster_4,113.0,0.34374765225384357,0.19488513728987691,2137
Cluster_4,114.0,0.34030527254283055,0.19440812226196533,2137
Cluster_4,115.0,0.34287411856684213,0.1918018605173001,2137
Cluster_4,116.0,0.34344202103957994,0.1940818610857253,2137
Cluster_4,117.0,0.339090378967922,0.1943937317261929,2137
Cluster_4,118.0,0.3409572135078376,0.1939944083964852,2137
Cluster_4,119.0,0.3388894761712074,0.19343653336356575,2137
Cluster_4,120.0,0.3392450862049928,0.19401523417607006,2137
Cluster_4,121.0,0.34065809625928334,0.19637731359569757,2137
Cluster_4,122.0,0.33664222549272166,0.19431546609191994,2137
Cluster_4,123.0,0.33512690584810406,0.19522167124819087,2137
Cluster_4,124.0,0.33338680641566437,0.19292091084955743,2137
Cluster_4,125.0,0.3309599478482617,0.1921957134711075,2137
Cluster_4,126.0,0.329524187003659,0.19288792071825547,2137
Cluster_4,127.0,0.3271645286463208,0.18997591411226653,2137
Cluster_4,128.0,0.32899045575584485,0.18740086841022924,2137
Cluster_4,129.0,0.3243959380997179,0.1860494468168231,2137
Cluster_4,130.0,0.32085726785173535,0.18787961507372802,2137
Cluster_4,131.0,0.32324898239273836,0.18767336904797666,2137
Cluster_4,132.0,0.31748639504571013,0.1902325376033141,2137
Cluster_4,133.0,0.3200870986737948,0.1918353071521569,2137
Cluster_4,134.0,0.31871244626806006,0.18719979914685916,2137
Cluster_4,135.0,0.31827162071192866,0.18892301225679767,2137
Cluster_4,136.0,0.31956757465084923,0.1898409424654109,2137
Cluster_4,137.0,0.32172339778074643,0.19003472115267045,2137
Cluster_4,138.0,0.31942922874646906,0.19122278772340795,2137
Cluster_4,139.0,0.31513092967244016,0.1902502226849064,2137
Cluster_4,140.0,0.31383526374976356,0.19188714007746352,2137
Cluster_4,141.0,0.3174751551759136,0.19282396727484866,2137
Cluster_4,142.0,0.3167108186380315,0.1928135269429559,2137
Cluster_4,143.0,0.31523824808584455,0.19500081728390412,2137
Cluster_4,144.0,0.31303651041251424,0.19542709281338438,2137
Cluster_4,145.0,0.311557797595098,0.19323359342299826,2137
Cluster_4,146.0,0.3120301003063202,0.1924161308351665,2137
Cluster_4,147.0,0.3120563585165524,0.19693967536606513,2137
Cluster_4,148.0,0.3112483354426212,0.19558389596155487,2137
Cluster_4,149.0,0.3086992689278981,0.19353767590479104,2137
Cluster_4,150.0,0.3075153291544956,0.19590901189563825,2137
Cluster_4,151.0,0.3074158332189664,0.19713056616780808,2137
Cluster_4,152.0,0.3059485298409534,0.19619251678042618,2137
Cluster_4,153.0,0.303320078685875,0.19448632034167243,2137
Cluster_4,154.0,0.3052518129974091,0.19613933814363121,2137
Cluster_4,155.0,0.30387753531923206,0.195589020849386,2137
Cluster_4,156.0,0.30277008327058874,0.19548740057303154,2137
Cluster_4,157.0,0.3028887534481627,0.1955192076994513,2137
Cluster_4,158.0,0.30336922911164643,0.19575305464131823,2137
Cluster_4,159.0,0.30027127557809397,0.19495854208054547,2137
Cluster_4,160.0,0.3022110250237644,0.19645214018287394,2137
Cluster_4,161.0,0.3030422582606751,0.19824645494751592,2137
Cluster_4,162.0,0.30253509904314363,0.1998402227547769,2137
Cluster_4,163.0,0.30148647876432144,0.19805382263526972,2137
Cluster_4,164.0,0.3005596008970953,0.1996883212403288,2137
Cluster_4,165.0,0.2973725341664944,0.20284274403581518,2137
Cluster_4,166.0,0.3003938485369648,0.19839265844225243,2137
Cluster_4,167.0,0.29787656854636385,0.1977530549588687,2137
Cluster_4,168.0,0.2974775939398871,0.20047220545921418,2137
Cluster_4,169.0,0.2954536239625496,0.1980193041246841,2137
Cluster_4,170.0,0.2968806288936185,0.19793575411509595,2137
Cluster_4,171.0,0.29203986945416466,0.19821270480474312,2137
Cluster_4,172.0,0.2940651477737403,0.19811897933996156,2137
Cluster_4,173.0,0.2922997168224407,0.19718711184082618,2137
Cluster_4,174.0,0.2954143698184972,0.19944906591069148,2137
Cluster_4,175.0,0.29418588733895606,0.19801193730210107,2137
Cluster_4,176.0,0.29531632468310487,0.20051723608279445,2137
Cluster_4,177.0,0.29680686190295713,0.20468120805054027,2137
Cluster_4,178.0,0.2934041631154454,0.20141184991833022,2137
Cluster_4,179.0,0.2958263210401458,0.2035667451880595,2137
Cluster_4,180.0,0.29291540727119764,0.2044841100949351,2137
Cluster_4,181.0,0.29277896758801836,0.20101298224677067,2137
Cluster_4,182.0,0.2924809277656448,0.2036573689390229,2137
Cluster_4,183.0,0.29070405897388263,0.20015488024525482,2137
Cluster_4,184.0,0.2897503896080691,0.2007810104224965,2137
Cluster_4,185.0,0.28556507822272637,0.1995474022135982,2137
Cluster_4,186.0,0.2854608514729511,0.19907817472277478,2137
Cluster_4,187.0,0.2834209673103084,0.198386509721318,2137
Cluster_4,188.0,0.2817885327167571,0.19753727376246952,2137
Cluster_4,189.0,0.2844719727298597,0.20194192256057483,2137
Cluster_4,190.0,0.28140024698972843,0.2013395489071566,2137
Cluster_4,191.0,0.2833486094549726,0.20288124188645268,2137
Cluster_4,192.0,0.28182937597356483,0.2037268536864056,2137
Cluster_4,193.0,0.2800012504318011,0.2026073871631719,2137
Cluster_4,194.0,0.28171081509471396,0.20560743783225224,2137
Cluster_4,195.0,0.27946751094824823,0.2020398148721982,2137
Cluster_4,196.0,0.2799262144225964,0.2047348292149021,2137
Cluster_4,197.0,0.27827715873357445,0.2034935188980048,2137
Cluster_4,198.0,0.281768850866818,0.203369940036739,2137
Cluster_4,199.0,0.2785095168121194,0.20583533082217906,2137
Cluster_4,200.0,0.27824235405560693,0.204153579857404,2137
