stamp,n1,n2,n3,n4,n5,n6,n7,n8,n9,n10,n11,n12,n13,n14,n15,n16,n17,n18,n19,n20,n21,n22,n23,n24,n25,n26,n27,n28,n29
1,-0.125,2.114,-0.057,0.049,1.374,0,0.646,-0.437,-0.147,0.482,0.635,-0.071,1.751,1.072,0.829,2.165,0.251,1.013,0.474,1.198,-0.659,0.147,-0.216,-0.17,0.909,-0.126,0.932,0.643,-0.129
2,-0.187,2.334,0.044,0.363,1.283,-0.085,1.122,-0.258,0,0.473,0.546,0.129,1.577,1.05,0.81,1.955,0.361,0.966,0.34,1.18,-0.431,0.271,-0.274,-0.103,0.855,0.125,0.878,0.309,-0.037
3,-0.339,2.087,0.27,0.227,1.456,-0.064,1.006,-0.389,0,0.328,0.313,0.2,1.721,0.865,0.764,1.733,0.064,0.51,0.312,0.788,-0.466,0.287,-0.323,-0.294,0.628,0.036,0.903,0.362,-0.026
4,-0.388,2.051,0.217,0.197,1.611,-0.016,0.979,-0.457,0,0.517,0.064,-0.011,1.477,0.954,0.623,1.773,0.481,0.715,0.454,0.948,-0.314,0.081,-0.25,-0.206,0.719,0.162,0.635,0.419,-0.12
5,-0.385,2.115,0.335,-0.001,1.558,0.022,1.559,-0.558,-0.043,0,0.281,0.242,1.937,0.736,0.769,1.455,0.172,0.851,0.366,0.859,-0.501,0.2,-0.305,-0.219,0.537,0.304,0.79,0.43,-0.108
6,-0.013,2.448,0.43,0.195,1.716,-0.109,1.601,-0.513,0,0.409,0.142,0.343,2.755,0.855,0.809,1.828,0.179,1.318,0.39,0.913,-0.53,0.066,-0.242,-0.213,0.695,0.337,1.099,0.323,-0.158
7,0.112,2.04,0.209,-0.037,1.38,0,1.367,-0.285,-0.138,0.275,0.51,0.496,2.439,0.717,0.69,1.802,0.316,1.332,0.405,0.705,-0.437,-0.013,-0.218,-0.082,0.573,0.161,0.638,0.121,-0.221
8,0.186,2.101,0.281,-0.033,1.603,0,1.511,-0.197,-0.063,0.343,0.017,0.116,2.518,0.388,0.639,1.102,0.223,1.515,0.339,0.74,-0.53,0.07,-0.265,-0.414,0.501,0.389,0.722,0.084,-0.159
9,0.479,2.103,0.388,-0.155,1.909,0,1.701,-0.256,-0.055,0.191,-0.078,0.22,2.987,0.839,0.941,1.473,0.128,1.524,0.428,0.603,-0.624,0.054,-0.467,-0.095,0.53,0.292,0.532,0.283,-0.136
10,0.495,1.915,0.438,-0.053,1.956,0,1.856,-0.169,-0.125,0.373,0.305,0.484,2.983,0.552,0.915,1.139,0.005,1.974,0.403,0.81,-0.59,0.055,-0.464,-0.056,0.582,0.141,0.712,0.306,-0.095
11,0.632,1.855,0.418,0.031,1.506,-0.07,1.637,-0.128,0,0.267,0.049,0.818,3.431,0.351,0.893,1.27,0.057,1.71,0.488,0.877,-0.606,0.083,-0.435,-0.16,0.498,0.183,0.427,0.171,-0.101
12,0.795,1.891,0.444,0.002,1.981,-0.176,2.194,-0.313,0,0.279,0.053,0.247,3.21,0.976,0.77,1.36,0.382,2.251,0.377,1.046,-0.531,-0.087,-0.295,0.031,0.496,0.474,0.718,0.239,-0.048
13,0.815,1.512,0.214,-0.182,1.491,0,1.881,-0.198,-0.217,0.196,-0.165,0.358,2.553,0.584,0.313,0.976,-0.003,2.044,0.105,0.725,-0.625,-0.121,-0.354,-0.155,0.231,0.2,0.523,0.026,-0.219
14,1.277,2.406,0.947,0.15,2.407,0,2.983,-0.092,-0.055,0.554,0.314,0.586,4.031,0.822,0.966,1.58,0.352,2.878,0.602,1.177,-0.498,0.12,-0.204,0.035,0.756,0.589,0.699,0.317,-0.174
15,1.091,1.814,0.532,-0.176,2.117,0,2.583,-0.361,-0.096,0.48,0.117,0.444,3.042,0.394,0.868,1.235,0.014,2.744,0.451,0.855,-0.775,-0.034,-0.355,-0.046,0.587,0.397,0.5,0.108,-0.059
16,1.02,1.734,0.571,-0.167,2.081,0,2.429,-0.137,-0.049,0.136,0.038,0.686,3.235,0.497,1.053,1.083,0.212,2.838,0.598,1.066,-0.513,-0.185,-0.468,-0.265,0.373,0.398,0.454,0.234,-0.322
17,0.681,1.131,0.219,-0.288,1.678,-0.265,1.854,-0.276,0,0.005,-0.177,0.378,2.307,0.198,0.175,0.725,-0.008,1.879,0.094,0.582,-0.753,-0.219,-0.506,-0.26,0.087,0.214,0.071,-0.024,-0.37
18,1.093,1.449,0.383,-0.228,1.653,-0.306,1.881,-0.513,0,0.152,-0.166,0.388,2.571,0.282,0.496,1.113,0.16,2.545,0.338,1.084,-0.559,-0.151,-0.593,-0.375,0.347,0.329,0.204,0.172,-0.225
19,1.204,1.495,0.445,-0.181,2.075,-0.149,2.529,-0.286,0,0.227,-0.083,0.753,2.766,0.482,0.429,1.135,-0.11,2.842,0.265,1.113,-0.498,-0.209,-0.489,-0.278,0.269,0.373,0.536,0.048,-0.079
20,1.143,1.378,0.535,-0.089,1.994,-0.328,2.571,-0.314,0,0.106,-0.023,0.838,2.661,0.339,0.355,0.825,-0.027,2.76,0.238,1.159,-0.339,-0.029,-0.319,-0.352,0.378,0.449,0.169,0.039,-0.298
21,1.012,1.196,0.378,-0.257,1.587,-0.193,1.557,-0.284,0,0.045,0.145,1.256,1.912,0.309,0.291,0.698,-0.273,2.205,0.243,0.986,-0.347,-0.274,-0.381,-0.189,0.099,0.156,0.087,-0.133,-0.275
22,0.999,0.992,0.305,-0.229,1.76,-0.322,1.896,-0.463,0.025,0,-0.12,0.403,1.484,0.11,0.262,0.44,-0.031,2.14,-0.043,0.822,-0.523,-0.365,-0.619,-0.358,0.031,0.24,-0.088,-0.208,-0.518
23,1.322,1.257,0.562,-0.085,1.977,-0.132,2.729,-0.536,0.33,0,-0.056,0.805,1.768,0.441,0.56,0.744,-0.053,2.735,-0.019,1.205,-0.427,-0.247,-0.389,-0.315,0.304,0.476,0.099,0.016,-0.425
24,1.216,0.862,0.365,-0.261,1.957,-0.236,2.189,-0.518,0.148,0,-0.311,0.641,2.173,0.14,0.187,0.603,-0.092,2.471,0.016,0.768,-0.641,-0.326,-0.478,-0.412,-0.032,0.208,0.146,-0.126,-0.489
25,0.908,0.747,0.327,-0.275,1.511,-0.378,2.15,-0.539,0.155,0,-0.209,0.77,1.078,0.082,0.04,0.204,-0.11,1.929,-0.211,0.752,-0.716,-0.42,-0.597,-0.443,-0.124,0.178,-0.092,-0.286,-0.487
26,1.146,1.413,0.408,-0.223,2.337,-0.239,3.046,-0.433,0.491,0,-0.264,0.616,2.308,0.047,0.415,0.769,0.041,2.692,0.102,1.103,-0.471,-0.282,-0.4,-0.349,0.084,0.84,0.363,-0.034,-0.313
27,1.415,0.945,0.462,-0.239,2.078,-0.346,2.908,-0.374,0.495,0,-0.194,0.587,2.169,0.448,0.239,0.785,0.093,2.886,0.103,1.136,-0.501,-0.215,-0.445,-0.297,-0.001,0.38,0.056,0.039,-0.339
28,1.387,0.99,0.63,-0.253,2.021,-0.243,2.784,-0.427,0.423,0,-0.187,0.676,2.049,0.22,0.309,0.611,-0.047,2.701,0.124,1.059,-0.653,-0.172,-0.619,-0.368,0.011,0.562,0.209,-0.109,-0.316
29,1.041,0.847,0.504,-0.4,2.012,-0.318,2.684,-0.591,0.744,0,-0.148,0.69,1.943,0.095,0.225,0.609,-0.217,2.431,-0.011,0.894,-0.598,-0.35,-0.618,-0.312,-0.03,0.061,0.113,-0.096,-0.517
30,1.465,0.88,0.471,-0.393,2.085,-0.404,2.598,-0.484,0.426,0,-0.081,0.614,1.194,0.256,0.133,0.523,-0.214,2.502,0.003,0.999,-0.566,-0.198,-0.488,-0.314,0.041,0.484,0.073,-0.242,-0.497
31,1.797,1.067,0.651,-0.209,2.548,-0.317,3.76,-0.332,1.068,0,-0.061,0.519,2.132,0.456,0.249,0.88,0.12,2.764,0.09,1.317,-0.666,-0.227,-0.565,-0.286,0.347,0.437,0.225,-0.095,-0.313
32,2.194,1.27,0.96,-0.185,2.714,-0.19,4.002,-0.497,0.793,0,-0.008,0.814,2.206,0.281,0.645,0.71,0.204,3.31,0.186,1.421,-0.531,-0.132,-0.282,-0.354,0.327,0.638,0.4,0.066,-0.272
33,1.73,0.974,0.826,-0.323,2.377,-0.195,3.056,-0.411,0.642,0,-0.126,0.934,2.029,0.164,0.26,0.688,0.022,2.659,0.093,1.19,-0.807,-0.172,-0.514,-0.26,0.181,0.704,0.11,0.056,-0.359
34,1.404,0.61,0.587,-0.258,1.754,-0.403,2.971,-0.429,0.33,0,-0.387,1.145,0.718,0.032,0.096,0.421,-0.048,1.928,-0.201,0.85,-0.646,-0.518,-0.579,-0.556,-0.129,0.644,-0.008,-0.213,-0.341
35,1.737,1.162,0.655,-0.194,2.671,-0.295,4.275,-0.256,0.858,0,0.165,0.703,2.134,0.324,0.405,0.676,0.344,2.983,0.001,1.264,-0.544,-0.288,-0.368,-0.255,0.143,0.705,0.206,-0.009,-0.228
36,1.707,1.358,0.956,-0.269,2.743,-0.318,3.968,-0.51,0.792,0,0.008,1.18,2.394,0.437,0.599,0.848,0.041,2.968,0.185,1.247,-0.523,-0.245,-0.345,-0.369,0.175,0.859,0.203,0.037,-0.209
37,2.346,0.725,0.952,-0.172,2.467,-0.357,3.669,-0.354,0.511,0,-0.084,1.369,2.019,0.366,0.273,0.609,-0.048,2.654,-0.052,1.033,-0.632,-0.3,-0.507,-0.455,0.111,0.66,0.097,0.056,-0.103
38,2.18,0.846,0.694,-0.365,2.319,-0.301,3.485,-0.407,0.593,0,-0.111,0.724,1.707,0.209,0.252,0.653,-0.259,2.484,0.059,1.264,-0.721,-0.205,-0.622,-0.301,0.002,0.527,0.111,-0.047,-0.017
39,1.866,0.837,0.385,-0.4,1.968,-0.544,3.356,-0.474,0.686,0,-0.17,1.05,1.153,0.073,0.104,0.451,0.087,2.274,-0.155,0.865,-0.606,-0.354,-0.61,-0.426,-0.043,0.701,0.027,-0.187,-0.188
40,2.335,0.848,0.627,-0.342,2.221,-0.357,3.492,-0.653,0.526,0,-0.279,1.108,1.455,0.155,0.332,0.508,-0.056,2.378,-0.136,0.91,-0.631,-0.512,-0.592,-0.356,0.126,0.752,0.09,-0.025,-0.104
41,2.571,1.076,1.091,-0.424,2.28,-0.403,3.727,-0.23,0.605,0,-0.1,1.623,1.899,0.13,0.307,0.727,-0.02,2.578,0.081,1.067,-0.704,-0.304,-0.554,-0.365,0.109,1.23,0.113,-0.078,-0.092
42,2.78,0.995,0.936,-0.358,2.795,-0.233,4.35,-0.379,0.742,0,-0.064,1.428,1.779,0.258,0.184,0.754,-0.041,2.855,0.059,1.159,-0.365,-0.218,-0.41,-0.269,0.035,0.859,0.096,0.017,0.14
43,2.367,0.69,0.776,-0.542,2.236,-0.336,3.882,-0.553,0.395,0,-0.259,1.352,1.531,0.143,0.274,0.57,-0.194,2.305,0.003,0.904,-0.734,-0.224,-0.549,-0.44,-0.029,0.751,0.115,-0.097,-0.038
44,2.752,0.904,0.918,-0.262,2.303,-0.31,4.284,-0.447,0.583,0,-0.439,1.967,1.006,0.33,0.125,0.417,0.159,2.551,-0.186,0.74,-0.607,-0.213,-0.546,-0.499,-0.051,1.027,0.062,-0.231,-0.166
45,2.735,1.044,0.939,-0.327,2.47,-0.384,4.373,-0.326,0.843,0,-0.093,1.38,1.172,0.336,0.442,0.61,0.096,2.818,-0.037,1.14,-0.689,-0.239,-0.603,-0.374,0.077,1.083,0.252,-0.206,0.008
46,3.098,1.192,1.032,-0.282,2.671,-0.338,5.006,-0.459,0.739,0,0.045,1.616,2.085,0.187,0.383,0.92,0.02,2.555,0.15,1.194,-0.597,-0.063,-0.415,-0.16,0.136,1.173,0.292,0.036,0.331
47,2.943,1.114,0.992,-0.391,2.521,-0.257,4.73,-0.602,0.732,0,0.019,1.474,1.782,0.334,0.511,0.76,0.03,2.529,-0.041,1.117,-0.555,-0.13,-0.448,-0.282,0.016,1.014,0.327,0.105,0.262
48,3.249,1.031,1.153,-0.267,2.724,-0.252,5.041,-0.145,0.78,0,-0.162,1.681,1.98,0.562,0.223,0.943,0.194,2.821,0.187,1.344,-0.39,-0.09,-0.553,-0.234,0.402,1.325,0.233,-0.014,0.439
49,2.947,1.247,0.96,-0.158,2.94,-0.299,5.424,-0.532,0.854,0,0.074,1.852,1.952,0.399,0.44,0.57,0.058,2.757,-0.013,1.328,-0.373,-0.235,-0.507,-0.322,0.131,1.159,0.331,0.172,0.384
50,2.986,0.974,0.825,-0.242,2.614,-0.155,4.737,-0.233,0.775,0,-0.18,1.714,1.939,0.372,0.421,0.681,0.224,2.101,0.074,1.059,-0.541,-0.241,-0.443,-0.419,0.075,0.982,0.237,0.051,0.49
51,2.525,0.839,0.624,-0.346,1.749,-0.295,3.494,-0.282,0.244,0,-0.228,1.688,1.643,0.105,0.166,0.49,-0.203,1.615,0.127,0.721,-0.63,-0.35,-0.611,-0.405,-0.103,1.061,-0.091,-0.221,0.074
52,2.718,0.812,0.757,-0.414,2.238,-0.254,4.266,-0.523,0.451,0,-0.055,1.372,1.068,0.282,0.284,0.553,-0.206,2.241,0.043,1.043,-0.442,-0.283,-0.502,-0.391,-0.055,0.957,-0.003,-0.226,0.186
53,2.636,0.679,0.497,-0.388,1.964,-0.432,4.227,-0.632,0.624,0,-0.034,1.158,1.49,0.244,0.092,0.515,-0.069,1.902,-0.065,0.746,-0.557,-0.311,-0.606,-0.413,-0.095,0.602,-0.019,-0.064,0.18
54,2.579,0.596,0.524,-0.424,1.908,-0.411,4.266,-0.62,0.583,0,-0.333,0.865,1.151,0.027,0.099,0.433,0.044,1.84,-0.069,0.83,-0.654,-0.38,-0.569,-0.476,-0.065,0.523,0.067,-0.163,0.29
55,3.121,0.796,0.92,-0.485,2.404,-0.224,5.035,-0.444,0.946,0,-0.141,1.433,1.154,0.308,0.381,0.322,0.048,2.4,0.029,0.923,-0.451,-0.097,-0.389,-0.47,0.103,1.063,0.001,-0.261,0.214
56,2.853,1.248,0.789,-0.239,2.419,-0.278,5.757,-0.423,1.217,0,0.139,1.46,1.939,0.291,0.556,0.705,0.142,2.563,0.114,1.319,-0.507,-0.249,-0.444,-0.282,0.242,0.951,0.42,0.033,0.686
57,2.722,0.995,0.444,-0.151,2.262,-0.35,5.396,-0.501,1.48,0,-0.213,0.989,2.402,0.304,0.268,0.725,0.346,2.214,0.2,1.072,-0.596,-0.157,-0.445,-0.189,0.221,0.992,0.417,-0.057,0.511
58,2.744,0.696,0.689,-0.258,2.125,-0.303,4.63,-0.567,0.819,0,-0.228,1.43,2.387,0.205,0.278,0.459,-0.069,2.129,0.092,0.836,-0.641,-0.262,-0.498,-0.317,0.032,0.731,0.103,-0.138,0.406
59,2.963,1.125,0.761,-0.207,2.854,-0.302,6.407,-0.656,1.294,0,0.079,1.211,3.729,0.458,0.77,0.998,0.287,2.647,0.29,1.214,-0.597,-0.162,-0.487,-0.189,0.254,1.085,0.292,-0.028,0.787
60,2.886,0.904,0.873,-0.306,2.139,-0.257,5.279,-0.533,0.951,0,0.154,1.12,2.591,0.222,0.4,0.498,-0.005,2.187,0.197,0.92,-0.697,-0.132,-0.443,-0.37,0.065,0.817,0.158,-0.011,0.641
61,2.772,0.621,0.755,-0.264,1.729,-0.223,4.149,-0.428,0.991,0,-0.189,1.704,2.982,0.149,0.218,0.445,-0.11,1.693,0.215,0.819,-0.552,-0.168,-0.526,-0.341,0.087,1.084,0.186,-0.141,0.557
62,2.767,0.885,0.815,-0.107,2.243,-0.221,4.922,-0.518,1.068,0,-0.133,1.255,3.007,0.386,0.266,0.65,0.072,2.266,0.173,1.104,-0.654,-0.181,-0.514,-0.171,-0.009,0.899,0.21,-0.079,0.699
63,2.996,0.771,0.617,-0.202,1.737,-0.322,4.683,-0.36,1.001,0,-0.32,0.966,1.852,0.224,0.258,0.527,0.104,1.737,-0.112,0.416,-0.647,-0.339,-0.569,-0.45,0.117,1.136,0.215,-0.18,0.281
64,3.092,0.722,0.751,-0.263,1.799,-0.279,4.73,-0.503,1.089,0,-0.108,1.04,2.19,0.186,0.308,0.505,0.089,1.89,0.039,0.732,-0.641,-0.246,-0.588,-0.271,0.199,1.079,0.054,-0.265,0.375
65,2.789,1.029,0.766,-0.249,2.082,-0.34,5.04,-0.397,1.077,0,-0.219,1.166,2.814,0.457,0.152,0.583,0.139,1.82,0.167,0.828,-0.373,-0.192,-0.415,-0.293,0.116,1.019,0.126,-0.026,0.554
66,2.915,0.998,0.789,-0.15,2.306,-0.343,5.263,-0.396,1.017,0,0.027,0.986,2.723,0.428,0.409,0.585,0.228,2.192,0.227,1.199,-0.436,-0.206,-0.376,-0.228,0.333,0.984,0.194,0.139,0.801
67,2.554,0.8,0.638,-0.336,2.045,-0.441,4.637,-0.474,1.025,0,-0.118,1.137,2.685,0.369,0.149,0.508,-0.082,1.968,0.003,0.858,-0.608,-0.334,-0.513,-0.27,0.018,0.721,0.028,-0.027,0.594
68,4.127,1.211,1.345,-0.021,3.215,-0.067,7.18,-0.298,1.556,0,0.452,2.052,4.448,0.902,0.745,1.329,0.38,3.285,0.673,2.039,-0.628,0.01,-0.229,0.055,0.542,1.519,0.525,0.416,1.509
69,3.428,1.464,1.013,-0.016,2.745,0,5.532,-0.507,1.59,-0.052,-0.184,1.046,2.805,0.521,0.582,0.821,0.332,2.465,0.487,1.687,-0.427,-0.426,-0.301,-0.045,0.249,1.41,0.639,-0.037,0.294
70,2.639,0.915,0.586,-0.179,2.048,-0.285,4.403,-0.217,1.1,0,0.066,0.784,2.422,0.384,0.175,0.756,-0.174,1.772,0.081,1.373,-0.665,-0.215,-0.509,-0.351,0.141,0.657,0.241,-0.051,0.32
71,2.705,1.077,0.707,-0.241,1.966,-0.211,4.771,-0.369,0.915,0,0.004,1.384,2.663,0.192,0.223,0.666,-0.089,1.913,0.086,1.824,-0.505,-0.059,-0.5,-0.374,0.09,1.188,0.325,0.136,0.568
72,3.11,1.397,1.033,-0.129,2.461,-0.083,5.545,-0.282,1.267,0,0.107,1.285,3.018,0.561,0.378,0.95,0.279,2.271,0.283,2.269,-0.373,-0.166,-0.444,-0.19,0.415,1.149,0.437,0.226,0.795
73,2.38,1.409,0.633,-0.209,1.958,-0.305,4.575,-0.422,0.892,0,-0.204,0.84,2.592,0.467,0.04,0.792,0.025,2.023,0.029,1.967,-0.583,-0.133,-0.598,-0.365,0.042,0.957,0.032,0.006,0.53
74,2.634,1.762,0.681,0.119,2.383,-0.09,5.398,-0.424,0.974,0,-0.04,0.95,2.662,0.466,0.23,0.603,0.191,2.429,0.192,2.484,-0.506,-0.12,-0.43,-0.269,0.284,0.925,0.315,0.183,0.993
75,2.289,1.517,0.646,-0.187,1.534,-0.322,4.237,-0.092,0.858,0,-0.029,1.174,1.389,0.353,0.017,0.471,-0.007,2.123,0.178,1.988,-0.582,-0.197,-0.475,-0.266,0.039,0.864,0.082,-0.32,0.408
76,2.361,1.434,0.413,-0.212,1.611,-0.363,3.911,-0.628,0.751,0,-0.282,0.703,1.411,0.066,0.06,0.245,-0.177,1.698,-0.167,1.956,-0.636,-0.258,-0.481,-0.413,0.012,1.001,0.093,-0.375,-0.038
77,2.104,1.596,0.388,-0.176,1.553,-0.285,3.96,-0.48,0.753,0,-0.069,0.684,2.232,0.365,0.23,0.462,-0.075,2.083,0.048,2.378,-0.51,-0.159,-0.495,-0.385,0.057,0.872,0.243,0.001,0.563
78,2.497,2.051,0.655,-0.058,1.712,-0.259,4.612,-0.503,0.828,0,-0.144,0.913,2.702,0.269,0.404,0.678,0.139,2.589,0.035,2.926,-0.403,-0.186,-0.329,-0.364,0.055,1.058,0.349,-0.036,0.636
79,3.128,2.596,1.127,0.258,2.476,0,6.199,-0.36,1.181,-0.024,0.3,1.485,3.612,0.702,0.505,1.218,0.454,4.225,0.277,4.541,-0.571,0.198,-0.11,-0.148,0.478,1.571,0.529,0.486,1.122
80,2.098,2.02,0.367,-0.144,1.471,-0.336,4.087,-0.555,0.949,0,0.022,0.859,1.631,0.284,0.206,0.473,-0.042,2.819,0.032,2.975,-0.483,-0.185,-0.283,-0.419,0.237,0.986,0.237,-0.053,0.239
81,2.485,2.585,0.805,-0.028,1.828,-0.267,3.937,-0.365,0.841,0,-0.105,1.089,0.996,0.598,0.51,0.361,0.658,2.965,-0.017,3.602,-0.704,-0.258,-0.182,-0.228,0.381,1.057,0.418,-0.267,0.196
82,1.99,1.837,0.418,-0.212,1.48,-0.354,4.012,-0.414,0.846,0,-0.01,0.714,2.234,0.175,0.167,0.537,0.086,2.962,0.029,3.051,-0.657,-0.292,-0.149,-0.254,0.031,0.81,0.428,0.126,0.346
83,2.14,2.068,0.522,-0.231,1.63,-0.336,4.283,-0.33,0.689,0,0.056,0.813,2.464,0.312,0.252,0.524,-0.204,3.22,-0.069,3.315,-0.414,-0.096,-0.038,-0.369,0.087,0.951,0.385,0.071,0.496
84,2.113,1.897,0.615,-0.273,1.475,-0.369,4.343,-0.442,0.81,0,0.077,0.828,2.308,0.341,0.171,0.445,0.04,3.495,0.164,3.243,-0.506,-0.014,0.054,-0.174,-0.027,0.992,0.566,0.26,0.326
85,1.855,1.446,0.358,-0.23,1.342,-0.412,3.59,-0.381,0.74,0,-0.077,0.816,1.319,0.261,0.074,0.342,-0.138,3.055,-0.126,3.051,-0.56,-0.232,-0.19,-0.337,0.118,0.861,0.237,-0.089,-0.031
86,1.658,1.667,0.135,-0.311,1.093,-0.407,2.887,-0.609,0.263,0,-0.378,0.355,1.063,0.047,0.025,0.078,-0.045,2.54,-0.307,2.437,-0.594,-0.473,-0.309,-0.45,-0.161,0.964,0.309,-0.23,-0.046
87,2.11,1.9,0.43,-0.038,1.546,-0.242,4.144,-0.451,0.645,0,-0.082,0.789,2.03,0.214,0.238,0.328,0.096,3.388,0.04,3.094,-0.641,-0.183,-0.175,-0.356,0.074,1.068,0.492,-0.071,0.422
88,1.962,1.894,0.527,-0.101,1.591,-0.302,4.123,-0.37,0.531,0,-0.08,0.602,1.854,0.34,0.218,0.494,0.054,3.712,0.067,3.097,-0.513,-0.214,-0.154,-0.421,-0.02,1.104,0.636,0.145,0.617
89,2.155,2.209,0.608,-0.104,2.107,-0.111,4.523,-0.349,0.848,0,0.179,1.197,2.585,0.569,0.469,0.893,0.334,4.04,0.094,3.721,-0.551,-0.147,-0.002,-0.285,0.232,1.274,0.879,0.383,0.817
90,2.139,2.095,0.885,0,2.03,-0.221,4.152,-0.384,1.038,0,-0.043,1.392,2.209,0.409,0.196,0.425,0.16,4.016,-0.026,3.513,-0.548,-0.124,0.042,-0.24,0.123,1.209,0.874,0.014,0.295
91,1.719,1.669,0.328,-0.1,1.405,-0.355,3.597,-0.581,0.498,0,-0.139,1.019,1.991,0.102,-0.087,0.41,-0.06,3.497,0.017,2.536,-0.475,-0.293,-0.249,-0.352,-0.137,0.969,0.425,-0.019,0.264
92,1.811,2.244,0.424,-0.199,1.591,-0.345,3.739,-0.381,0.551,0,0.016,0.928,2.218,0.283,0.292,0.552,-0.003,3.892,-0.001,3.108,-0.609,-0.292,-0.227,-0.348,0.226,1.42,0.757,0.114,0.322
93,1.847,1.718,0.729,-0.156,1.427,-0.442,3.739,-0.681,0.418,0,0.09,0.606,2.18,0.303,0.316,0.454,-0.061,3.571,0.13,2.632,-0.452,-0.277,-0.155,-0.418,0.147,0.91,0.915,0.126,0.362
94,2.211,2.083,0.671,-0.097,1.846,-0.098,4.522,-0.105,0.746,0,0.04,1.031,2.522,0.297,0.324,0.65,0.052,4.214,0.238,3.16,-0.523,-0.016,-0.085,-0.207,0.067,1.348,1.014,0.404,0.617
95,1.602,1.865,0.594,-0.308,1.538,-0.264,3.738,-0.513,0.592,0,0.055,0.882,2.119,0.325,0.325,0.328,0.04,3.505,0.089,2.772,-0.659,-0.276,-0.188,-0.216,0.033,0.978,0.788,0.128,0.364
96,1.45,1.541,0.206,-0.286,1.351,-0.387,2.99,-0.587,0.787,0,-0.267,0.405,1.632,0.187,0.098,0.293,0.089,3.191,-0.138,2.407,-0.647,-0.422,-0.298,-0.382,0.011,0.994,0.283,-0.105,0.238
97,1.479,1.434,0.39,-0.305,1.065,-0.296,2.974,-0.352,0.918,0,-0.364,0.566,1.654,-0.033,0.136,0.221,0.125,2.423,-0.2,2.26,-0.559,-0.412,-0.428,-0.489,-0.024,0.885,0.619,-0.09,0.11
98,1.397,1.464,0.317,-0.242,1.11,-0.377,3.307,-0.747,0.597,0,-0.22,0.518,1.616,0.162,0.145,0.301,-0.077,3.071,-0.166,2.277,-0.653,-0.177,-0.35,-0.375,0.058,0.9,0.713,0.063,0.347
99,1.943,1.869,0.524,-0.017,1.721,-0.271,4.046,-0.383,1.408,0,-0.013,0.797,2.29,0.373,0.486,0.702,0.345,3.895,0.192,3.138,-0.644,-0.115,-0.299,-0.257,0.286,1.27,1.083,0.229,0.354
100,1.211,1.25,0.302,-0.245,1.185,-0.348,2.969,-0.599,0.84,0,-0.061,0.527,1.556,0.081,0.184,0.213,-0.164,2.862,-0.12,2.066,-0.673,-0.191,-0.403,-0.493,-0.081,0.775,0.46,-0.114,0.161
101,1.543,1.668,0.294,-0.202,1.128,-0.321,3.528,-0.666,1.421,0,-0.287,0.283,1.616,0.429,0.233,0.637,0.315,3.524,-0.006,2.714,-0.604,-0.292,-0.285,-0.273,0.103,1.404,0.779,0.05,0.314
102,1.464,1.466,0.312,-0.416,1.373,-0.239,3.381,-0.453,1.13,0,-0.33,0.694,1.675,0.071,0.176,0.356,-0.01,3.226,-0.01,2.376,-0.579,-0.119,-0.177,-0.448,0.186,0.873,0.886,0.036,0.233
103,1.379,1.107,0.314,-0.087,1.107,-0.292,3.045,-0.33,1.502,0,-0.327,0.957,1.351,0.123,0.179,0.197,-0.212,2.895,0.032,2.465,-0.404,-0.261,-0.339,-0.502,0.07,0.778,0.494,-0.116,-0.069
104,1.783,1.786,0.721,-0.192,1.603,-0.143,4.001,-0.448,1.703,0,0.082,0.737,2.097,0.298,0.139,0.652,0.234,3.816,0.154,2.898,-0.571,-0.085,-0.226,-0.356,0.086,1.099,0.951,0.145,0.359
105,1.69,1.438,0.361,0.026,1.295,-0.092,3.487,-0.522,1.182,0,-0.181,1.003,1.261,0.43,0.14,0.147,-0.04,3.019,0.118,2.514,-0.421,-0.106,-0.27,-0.48,0.092,0.922,0.607,-0.02,0.03
106,1.129,1.442,0.383,-0.218,1.204,-0.419,2.864,-0.669,1.135,0,-0.201,0.607,1.897,-0.01,0.093,0.462,-0.031,2.752,-0.124,2.138,-0.611,-0.343,-0.264,-0.484,-0.08,1.014,0.816,0.034,0.182
107,1.862,1.985,0.555,0.006,1.714,-0.233,3.941,-0.437,1.772,0,-0.042,0.612,2.1,0.417,0.49,0.664,0.121,3.612,0.155,2.888,-0.52,-0.145,-0.193,-0.145,0.158,1.105,1.091,0.275,0.351
108,1.462,1.656,0.361,-0.212,1.611,-0.357,3.379,-0.411,0.932,0,-0.366,0.728,1.613,0.415,0.271,0.325,-0.014,2.959,0.088,2.2,-0.675,-0.321,-0.321,-0.536,0.036,0.721,0.731,0.027,0.223
109,1.202,1.725,0.082,-0.304,1.388,-0.426,2.709,-0.777,0.926,0,-0.387,0.127,0.948,0.14,-0.023,0.161,0.146,2.552,-0.059,1.858,-0.661,-0.509,-0.487,-0.517,-0.039,0.758,0.494,-0.153,0.006
110,1.103,1.996,0.188,-0.126,1.758,-0.215,3.381,-0.478,1.031,0,-0.273,0.608,1.509,0.274,0.173,0.254,0.146,3.055,-0.008,2.249,-0.643,-0.396,-0.352,-0.467,0.027,0.998,0.883,-0.054,0.255
111,0.931,1.399,0.124,-0.289,1.182,-0.391,2.285,-0.384,0.695,0,-0.491,0.433,1.126,-0.143,-0.057,0.041,-0.348,2.152,0.037,1.575,-0.595,-0.381,-0.424,-0.495,-0.152,0.541,0.421,-0.09,0.047
112,1.015,1.766,0.227,-0.252,1.634,-0.369,2.611,-0.483,0.838,0,-0.304,0.432,1.35,-0.076,0.056,0.213,0.016,2.594,0.092,1.897,-0.508,-0.354,-0.416,-0.357,-0.2,0.53,0.505,0.027,0.039
113,1.448,2.487,0.544,-0.111,2.263,-0.153,3.367,-0.435,1.137,0,-0.166,1.095,1.747,0.437,0.236,0.399,-0.039,3.134,0.432,2.378,-0.546,-0.178,-0.3,-0.272,0.166,0.788,0.737,0.15,0.182
114,0.988,1.958,0.043,-0.25,1.694,-0.464,2.54,-0.412,0.79,0,-0.48,0.186,0.931,0.039,0.037,0.152,0.01,2.45,0.053,1.722,-0.646,-0.349,-0.332,-0.509,-0.113,0.537,0.683,-0.111,-0.01
115,1.267,2.539,0.418,-0.09,2.143,-0.227,3.358,-0.534,1.196,0,-0.169,0.655,1.659,0.2,0.375,0.456,0.151,3.173,0.332,2.361,-0.593,-0.164,-0.31,-0.152,0.16,0.843,0.824,0.183,0.253
116,1.116,2.253,0.266,-0.174,2.058,-0.324,2.879,-0.303,0.838,0,-0.15,0.716,1.377,0.073,0.167,0.283,0.081,2.897,0.29,2.168,-0.551,-0.301,-0.457,-0.269,0.021,0.692,0.621,0.207,0.236
117,1.15,2.25,0.394,-0.159,2.118,-0.277,2.855,-0.141,0.916,0,-0.058,1.071,1.197,0.221,0.161,0.189,0.203,2.633,0.232,2.092,-0.46,-0.342,-0.489,-0.39,0.003,0.865,0.707,0.128,-0.066
118,1.027,1.916,0.047,-0.311,1.874,-0.292,2.634,-0.495,0.649,0,-0.227,0.453,1.191,0.073,0.047,0.102,-0.279,2.133,0.233,1.592,-0.393,-0.352,-0.405,-0.304,-0.055,0.717,0.483,0.045,-0.038
119,1.051,2.59,0.326,-0.104,2.116,-0.241,2.789,-0.461,0.727,0,-0.278,0.443,1.404,0.128,0.097,0.21,0.118,2.17,0.285,1.813,-0.169,-0.42,-0.521,-0.467,-0.032,0.87,0.584,0.007,0.008
120,0.897,2.054,0.189,-0.327,1.826,-0.31,2.708,-0.643,0.447,0,-0.214,0.362,0.995,0.152,0.115,0.297,0.059,2.259,0.492,1.802,-0.24,-0.313,-0.398,-0.326,-0.177,0.471,0.487,0.171,0.192
121,0.791,1.767,0.054,-0.265,1.562,-0.333,2.279,-0.71,0.521,0,-0.222,0.682,1.124,-0.077,0.035,0.244,-0.199,1.812,0.393,1.475,-0.044,-0.35,-0.526,-0.429,0.023,0.391,0.278,-0.044,-0.095
122,0.859,2.288,0.167,-0.221,2.204,-0.308,2.718,-0.394,0.685,0,-0.288,0.483,1.257,0.295,0.069,0.398,0.085,2.378,0.667,1.875,-0.372,-0.279,-0.552,-0.364,-0.157,0.585,0.496,0.029,-0.035
123,0.794,2.007,0.113,-0.264,1.749,-0.458,2.023,-0.597,0.535,0,-0.33,0.093,0.606,0.061,0.039,0.109,-0.14,1.69,0.379,1.488,-0.106,-0.446,-0.51,-0.457,-0.159,0.507,0.383,0.038,-0.229
124,0.766,2.117,0.118,-0.085,2.149,-0.458,2.595,-0.588,0.565,0,-0.429,0.337,1.304,-0.011,0.103,0.252,0.111,2.446,0.952,1.789,-0.473,-0.273,-0.381,-0.339,0.036,0.556,0.598,0.269,0.027
125,1.16,2.232,0.442,-0.074,2.333,-0.218,2.797,-0.255,0.835,0,-0.096,0.766,1.401,0.254,0.262,0.36,0.023,2.502,1.227,1.96,-0.143,-0.185,-0.293,-0.254,-0.034,0.818,0.566,0.452,0.245
126,0.94,2.023,0.099,-0.212,2.394,-0.37,2.528,-0.586,0.543,0,-0.378,0.486,1.699,0.108,0.192,0.29,-0.016,2.291,1.21,1.819,-0.275,-0.296,-0.392,-0.247,0.078,0.459,0.676,0.31,0.002
127,0.768,2.025,0.222,-0.239,1.859,-0.275,2.22,-0.51,0.669,0,-0.097,0.584,1.183,0.228,0.164,0.158,0.051,2.176,0.838,1.62,-0.263,-0.391,-0.288,-0.377,-0.1,0.687,0.442,0.04,-0.103
128,0.68,1.739,0.2,-0.298,1.939,-0.396,2.109,-0.673,0.441,0,-0.225,0.591,2.038,0.09,0.134,0.128,-0.162,1.903,1.105,1.548,-0.237,-0.317,-0.562,-0.369,-0.084,0.523,0.342,0.246,0.034
129,0.947,2.071,0.304,-0.384,2.103,-0.231,2.326,-0.442,0.528,0,-0.184,0.615,1.455,0.352,0.149,0.154,-0.007,2.161,1.191,1.689,-0.141,-0.372,-0.41,-0.405,-0.126,0.721,0.388,0.109,-0.23
130,1,2.15,0.5,-0.238,2.218,-0.259,2.457,-0.299,0.527,0,-0.26,0.732,2.714,0.043,0.275,0.316,0.118,2.107,1.425,1.53,-0.12,-0.368,-0.475,-0.324,0.023,0.651,0.459,0.352,0.008
131,1.219,2.432,0.609,-0.143,2.548,-0.148,3.138,-0.1,0.857,0,0.039,1.626,3.425,0.216,0.5,0.458,0.009,2.561,1.596,2.228,-0.001,-0.146,-0.361,-0.369,0.167,0.968,0.675,0.459,0.323
132,0.817,1.724,0.431,-0.174,2.212,-0.311,2.439,-0.34,0.467,0,-0.239,0.603,2.793,0.201,0.218,0.257,-0.065,2.084,1.388,1.628,-0.101,-0.356,-0.446,-0.364,-0.103,0.586,0.457,0.31,0.026
133,0.894,1.979,0.571,-0.156,2.117,-0.273,2.599,-0.374,0.413,0,-0.257,0.809,2.874,0.202,0.232,0.223,-0.12,2.084,1.39,1.679,-0.411,-0.125,-0.332,-0.357,-0.044,0.745,0.607,0.263,0.2
134,0.922,2.117,0.96,-0.23,2.422,-0.234,2.478,-0.233,0.429,0,-0.215,0.659,2.14,0.231,0.218,0.298,0.012,2.62,1.327,1.848,0.184,-0.229,-0.475,-0.211,0.192,0.799,0.508,0.296,-0.015
135,1.157,2.241,0.71,-0.219,2.399,-0.325,2.527,-0.355,0.672,0,-0.115,0.757,2.99,0.107,0.412,0.288,0.139,2.015,1.383,1.779,-0.158,-0.345,-0.432,-0.336,0.09,0.868,0.761,0.2,0.092
136,1.007,2.09,0.795,-0.244,2.422,-0.345,2.577,-0.474,0.521,0,-0.155,0.665,2.705,0.019,0.175,0.076,-0.009,2.02,1.307,1.716,0.044,-0.415,-0.404,-0.431,0.087,0.741,0.353,0.314,0.006
137,1.043,1.76,0.784,-0.194,2.328,-0.255,2.38,-0.334,0.461,0,-0.271,0.631,2.925,0.113,0.181,0.229,-0.005,1.85,1.296,1.618,0.312,-0.417,-0.415,-0.267,-0.008,0.776,0.495,0.268,0.181
138,1.26,2.094,1.149,-0.223,2.3,-0.27,2.532,-0.44,0.541,0,-0.105,0.495,2.878,0.31,0.312,0.297,0.033,2.393,1.358,1.845,0.286,-0.167,-0.307,-0.18,0.092,0.794,0.736,0.418,0.28
139,1.321,1.951,1.289,-0.298,2.264,-0.242,2.471,-0.42,0.509,0,-0.195,0.644,2.711,0.241,-0.001,0.321,0.04,2.382,1.403,1.863,0.593,-0.253,-0.48,-0.127,-0.003,0.571,0.476,0.296,0.121
140,1.086,1.589,0.934,-0.333,1.829,-0.361,1.827,-0.56,0.592,0,-0.158,0.475,1.986,0.123,0.07,0.037,0.032,1.684,1.038,1.351,0.647,-0.327,-0.489,-0.397,-0.014,0.727,0.385,0.072,0.081
141,1.406,1.788,1.434,-0.175,2.212,-0.283,2.044,-0.467,0.791,0,-0.124,0.541,1.478,0.26,0.124,0.172,0.298,2.059,1.046,1.756,1.251,-0.413,-0.38,-0.434,0.074,0.775,0.728,0.152,0.166
142,1.309,1.676,1.485,-0.236,2.238,-0.467,2.27,-0.396,1.075,0,-0.297,0.744,2.577,0.185,0.168,0.343,0.025,2.066,1.122,1.522,1.214,-0.292,-0.462,-0.311,0.166,0.714,0.495,0.284,0.056
143,1.124,1.572,1.549,-0.201,2.137,-0.252,2.247,-0.48,1.021,0,-0.099,0.618,2.532,0.342,0.188,0.234,-0.052,1.822,1.266,1.611,0.947,-0.303,-0.478,-0.401,0.226,0.629,0.44,0.275,-0.019
144,1.094,1.584,1.545,-0.288,1.785,-0.358,2.042,-0.244,0.911,0,-0.381,0.671,1.523,0.246,0.106,0.084,0.175,1.91,0.919,1.419,1.764,-0.314,-0.428,-0.402,0.142,0.706,0.461,0.07,-0.146
145,0.87,1.301,1.208,-0.307,1.497,-0.459,1.668,-0.577,0.86,0,-0.211,0.336,1.887,0.14,-0.025,0.14,-0.032,1.447,0.778,1.117,0.277,-0.32,-0.532,-0.4,0.173,0.577,0.383,-0.107,-0.011
146,1.017,1.508,1.387,-0.439,1.813,-0.347,1.647,-0.691,1.02,0,-0.305,0.135,2.003,0.173,-0.053,0.035,-0.163,1.641,0.961,1.035,0.718,-0.531,-0.459,-0.558,0.281,0.628,0.344,0.308,0.001
147,1.652,2.033,2.472,-0.034,2.715,-0.228,2.846,-0.377,1.39,0,0.028,0.937,3.225,0.856,0.465,0.33,0.205,2.738,1.619,1.864,1.384,0.109,-0.266,-0.286,0.652,0.841,0.898,0.625,0.232
148,1.047,1.45,1.619,-0.15,1.665,-0.368,1.854,-0.456,0.927,0,-0.048,0.414,1.899,0.607,-0.062,0.376,-0.074,1.837,0.839,1.184,1.11,-0.434,-0.411,-0.249,0.245,0.479,0.363,0.08,0.107
149,0.919,1.422,1.532,-0.281,1.687,-0.266,1.67,-0.641,1.157,0,-0.233,0.501,1.94,0.568,-0.004,0.31,-0.105,1.815,0.862,1.334,1.162,-0.376,-0.465,-0.492,0.398,0.661,0.298,0.203,-0.056
150,0.769,1.137,1.524,-0.307,1.428,-0.375,1.401,-0.394,0.65,0,-0.271,0.293,1.319,0.591,-0.074,0.02,-0.066,1.64,0.684,1.126,1.349,-0.438,-0.473,-0.526,0.364,0.404,0.241,-0.068,-0.038
151,1.168,1.871,1.858,-0.238,2.371,-0.277,2.189,-0.525,1.242,0,-0.076,0.527,2.332,1.304,0.297,0.613,0.468,2.418,1.052,1.932,1.538,-0.309,-0.377,-0.194,0.828,1.055,0.669,0.38,0.287
152,0.827,1.036,1.655,-0.356,1.452,-0.319,1.589,-0.511,0.681,0,-0.156,0.33,1.946,0.677,-0.053,0.294,-0.256,1.422,0.67,1.023,1.651,-0.394,-0.569,-0.409,0.579,0.376,0.222,0.136,-0.066
153,0.876,1.303,1.481,-0.237,1.473,-0.433,1.512,-0.476,0.772,0,-0.26,0.343,1.818,0.89,0.01,0.181,-0.135,1.698,0.759,1.204,1.377,-0.318,-0.601,-0.411,0.523,0.417,0.374,0.296,0.081
154,0.903,1.615,1.942,-0.31,1.727,-0.345,1.83,-0.739,0.94,0,-0.191,0.162,1.813,1.046,0.06,0.198,0.11,1.753,0.756,1.282,2.112,-0.465,-0.513,-0.398,0.638,0.485,0.56,0.128,-0.058
155,0.925,1.446,1.795,-0.144,1.756,-0.211,1.784,-0.42,0.903,0,-0.227,0.507,2.023,1.201,-0.06,0.266,-0.23,1.729,0.837,1.316,1.517,-0.224,-0.378,-0.466,0.835,0.518,0.508,0.312,0.041
156,0.836,1.249,1.747,-0.214,1.483,-0.365,1.671,-0.501,0.834,0,-0.093,0.286,1.918,0.97,-0.053,0.302,-0.253,1.433,0.751,1.17,1.628,-0.296,-0.561,-0.39,0.735,0.55,0.338,0.186,-0.039
157,0.607,1.2,1.502,-0.29,1.219,-0.392,1.473,-0.577,0.557,0,-0.227,0.425,1.56,0.778,-0.067,0.051,-0.219,1.356,0.633,1.059,1.035,-0.357,-0.565,-0.577,0.623,0.324,0.241,0.075,-0.125
158,0.498,1.171,1.439,-0.282,1.317,-0.375,1.213,-0.387,0.639,0,-0.311,0.325,1.092,0.715,-0.043,0.166,-0.068,1.322,0.355,0.965,1.668,-0.52,-0.617,-0.474,0.641,0.408,0.262,0.029,-0.202
159,0.884,1.643,2.161,-0.097,1.772,-0.246,1.992,-0.403,0.988,0,-0.215,0.793,2.13,1.325,0.157,0.374,-0.088,1.651,0.832,1.453,2.077,-0.205,-0.571,-0.144,0.85,0.634,0.419,0.275,-0.015
160,0.81,1.253,1.709,-0.173,1.66,-0.305,1.676,-0.551,0.686,0,-0.169,0.441,2.003,1.085,-0.002,0.253,-0.137,1.712,0.819,1.113,1.698,-0.454,-0.44,-0.417,0.831,0.425,0.508,0.397,0.036
161,0.876,1.242,1.84,-0.122,1.475,-0.342,1.738,-0.379,0.844,0,-0.252,0.788,1.95,0.864,0.028,0.202,-0.055,1.506,0.882,1.171,1.933,-0.222,-0.459,-0.284,0.962,0.536,0.207,0.431,-0.139
162,0.453,1.153,1.495,-0.366,1.228,-0.404,1.119,-0.654,0.667,0,-0.357,0.054,1.083,0.554,-0.073,-0.012,-0.16,1.256,0.326,0.887,1.465,-0.532,-0.488,-0.401,0.557,0.253,0.077,-0.128,-0.218
163,0.722,1.176,1.474,-0.242,1.376,-0.461,1.573,-0.531,0.699,0,-0.173,0.236,1.239,0.651,-0.045,0.177,-0.187,1.309,0.548,1.108,0.977,-0.421,-0.44,-0.426,0.867,0.514,0.296,0.156,-0.167
164,0.684,1.26,1.894,-0.326,1.347,-0.253,1.559,-0.649,0.679,0,-0.199,0.351,1.805,0.863,0.012,0.17,0.072,1.307,0.624,1.172,1.452,-0.282,-0.464,-0.404,1.029,0.403,0.258,0.277,0.016
165,0.772,1.262,1.781,-0.114,1.592,-0.305,1.887,-0.456,0.909,0,-0.241,0.305,1.723,0.99,-0.056,0.219,-0.269,1.664,0.546,1.161,1.36,-0.392,-0.493,-0.319,1.026,0.382,0.437,0.188,0.098
166,0.606,1.312,1.928,-0.302,1.439,-0.38,1.6,-0.413,0.852,0,-0.115,0.164,1.239,0.593,-0.007,0.077,-0.154,1.461,0.506,0.954,2.012,-0.347,-0.444,-0.378,0.604,0.567,0.087,-0.006,-0.238
167,0.649,1.204,1.643,-0.123,1.547,-0.366,1.591,-0.309,0.528,0,-0.207,0.222,1.725,0.78,0.033,0.038,0.087,1.265,0.489,1.145,1.454,-0.38,-0.458,-0.4,0.97,0.401,0.412,0.292,0.017
168,0.635,1.008,1.789,-0.122,1.418,-0.335,1.51,-0.303,0.499,0,-0.242,0.2,1.435,0.825,0.12,0.069,-0.077,1.196,0.563,0.927,1.152,-0.3,-0.557,-0.418,0.942,0.172,0.131,0.084,0.029
169,0.523,1.089,1.604,0.181,1.424,-0.4,1.518,-0.505,0.407,0,-0.27,0.369,1.725,0.779,0.111,0.165,-0.123,1.15,0.488,1.064,0.921,-0.279,-0.64,-0.519,0.842,0.26,0.293,0.239,0.034
170,0.675,0.977,1.324,0.063,1.141,-0.418,1.235,-0.645,0.736,0,-0.056,0.226,1.209,0.641,0.034,-0.048,-0.186,1.002,0.312,0.868,1.015,-0.43,-0.566,-0.467,0.471,0.209,0.101,-0.019,-0.206
171,0.516,0.767,1.431,0.088,1.038,-0.368,1.195,-0.58,0.455,0,-0.221,0.294,0.601,0.359,-0.171,-0.074,-0.097,1.052,0.263,0.948,1.236,-0.438,-0.525,-0.371,0.371,0.017,-0.094,-0.09,-0.268
172,0.586,0.957,1.343,0.395,1.219,-0.281,1.447,-0.44,0.494,0,-0.375,0.254,1.277,0.748,0.014,0.097,-0.189,1.09,0.323,1.033,1.091,-0.392,-0.484,-0.489,0.773,0.328,0.149,0.101,-0.028
173,0.509,0.851,1.42,0.469,1.077,-0.291,1.362,-0.51,0.314,0,-0.21,0.432,1.287,0.584,-0.023,0.08,-0.127,1.106,0.381,0.795,1.143,-0.301,-0.601,-0.496,0.784,0.194,0.148,0.215,-0.16
174,0.354,0.775,1.469,0.359,1.043,-0.343,1.111,-0.375,0.524,0,-0.249,0.168,0.824,0.317,-0.156,-0.055,-0.075,1.067,0.12,0.797,1.53,-0.388,-0.56,-0.398,0.447,0.052,0.06,-0.125,-0.176
175,0.358,0.976,1.419,0.466,1.093,-0.334,1.316,-0.587,0.433,0,-0.307,-0.11,1.666,0.585,0.134,0.275,-0.114,1.01,0.358,0.84,0.672,-0.438,-0.533,-0.451,0.776,0.213,0.222,0.169,-0.279
176,0.451,0.915,1.395,0.826,1.177,-0.404,1.355,-0.48,0.334,0,-0.386,0.262,2.005,0.755,0.041,0.142,-0.22,1.174,0.516,0.854,0.916,-0.339,-0.564,-0.417,0.629,0.076,0.308,0.166,-0.059
177,0.19,0.656,0.978,0.43,0.841,-0.464,1.02,-0.477,0.222,0,-0.281,0.072,1.714,0.324,-0.101,0.02,-0.21,0.744,0.278,0.679,0.611,-0.436,-0.633,-0.473,0.52,-0.047,-0.004,0.017,-0.178
178,0.18,0.559,1.097,0.444,0.798,-0.356,1.059,-0.523,0.105,0,-0.455,-0.024,1.076,0.303,-0.167,-0.053,-0.197,0.933,0.225,0.804,0.871,-0.528,-0.465,-0.506,0.48,-0.042,0.104,-0.187,-0.22
179,0.276,0.707,1.304,0.811,0.837,-0.232,1.132,-0.682,0.287,0,-0.414,0.107,1.969,0.731,0.012,-0.006,-0.092,0.937,0.298,0.817,0.714,-0.306,-0.579,-0.388,0.85,0.073,0.005,0.142,-0.106
180,0.367,0.766,1.352,1.125,1.152,-0.309,1.409,-0.505,0.53,0,-0.258,0.23,2.234,0.769,0.053,0.302,0.072,1.11,0.285,1.075,0.989,-0.33,-0.438,-0.291,0.687,0.092,0.191,0.337,0.05
181,0.697,1.735,1.943,2.132,1.707,-0.026,1.559,-0.138,1.053,0,-0.131,0.355,2.263,1.09,0.413,0.381,0.431,1.747,0.587,1.671,2.006,-0.262,-0.488,-0.258,1.229,0.459,0.497,0.791,0.361
182,0.125,0.805,1.247,1.303,0.99,-0.338,1.152,-0.376,0.406,0,-0.539,0.214,1.884,0.427,-0.156,0.041,-0.138,0.848,0.288,0.92,0.878,-0.438,-0.56,-0.457,0.736,0.071,0.23,0.247,-0.114
183,0.439,0.995,1.53,1.36,1.335,-0.268,1.447,-0.703,0.549,0,-0.056,0.428,2.184,0.812,0.225,0.158,0.075,1.096,0.406,1.082,0.88,-0.281,-0.538,-0.439,0.758,0.283,0.184,0.423,0.015
184,0.231,0.688,1.046,1.403,0.82,-0.32,1.315,-0.505,0.227,0,-0.281,0.193,2.004,0.356,0.014,0.036,-0.237,0.788,0.219,0.893,0.998,-0.298,-0.415,-0.522,0.519,-0.033,-0.015,0.113,0.026
185,-0.05,0.478,0.793,0.95,0.749,-0.406,1.09,-0.627,0.01,0,-0.254,-0.043,1.4,0.311,-0.218,-0.033,-0.14,0.619,0.006,0.632,0.354,-0.358,-0.533,-0.458,0.248,-0.213,-0.182,0.042,-0.163
186,-0.074,0.325,0.417,0.613,0.315,-0.561,0.819,-0.736,0,0.067,-0.397,-0.244,0.53,0.122,-0.205,-0.346,-0.288,0.361,-0.173,0.339,0.131,-0.44,-0.561,-0.503,0.152,-0.159,-0.215,-0.106,-0.306
187,-0.088,0.267,0.482,0.811,0.4,-0.528,0.907,-0.7,0,0.017,-0.304,-0.124,0.733,-0.003,-0.243,-0.25,-0.366,0.315,-0.16,0.296,0.309,-0.285,-0.597,-0.643,0.124,-0.221,-0.245,-0.173,-0.417
188,-0.105,0.416,0.652,0.975,0.519,-0.439,1.207,-0.673,0,0.046,-0.145,0.024,1.106,0.268,-0.186,-0.137,-0.338,0.371,-0.156,0.437,0.288,-0.155,-0.6,-0.534,0.317,-0.138,-0.117,0.071,-0.129
189,-0.014,0.355,0.726,1.054,0.631,-0.329,1.509,-0.602,0,0.279,-0.061,0.277,1.313,0.318,-0.18,-0.088,-0.17,0.643,0.049,0.617,0.487,-0.181,-0.483,-0.565,0.373,-0.184,-0.029,0.243,0.017
190,-0.078,0.354,0.484,0.749,0.459,-0.482,1.156,-0.827,0,0.089,-0.331,0.137,0.707,0.081,-0.321,-0.252,-0.281,0.301,-0.149,0.42,0.27,-0.233,-0.527,-0.54,0.112,-0.232,-0.233,0.016,-0.305
191,-0.136,0.125,0.527,0.899,0.446,-0.448,1.197,-0.759,0,0.404,-0.29,0.102,0.956,0.299,-0.23,-0.265,-0.421,0.374,-0.053,0.342,0.389,-0.174,-0.498,-0.584,0.158,-0.194,-0.152,0.129,-0.213
192,-0.038,0.461,0.762,1.2,0.809,-0.424,1.884,-0.648,0,0.495,-0.109,0.346,1.162,0.406,-0.168,-0.036,-0.19,0.623,-0.025,0.556,0.321,-0.022,-0.461,-0.527,0.256,-0.142,-0.119,0.313,-0.021
193,-0.094,0.288,0.625,0.988,0.541,-0.454,1.647,-0.658,0,0.326,-0.204,0.217,0.9,0.307,-0.21,-0.163,-0.243,0.464,-0.192,0.435,0.274,-0.108,-0.629,-0.546,0.127,-0.268,-0.24,0.155,-0.105
194,0.003,0.446,0.683,1.122,0.833,-0.445,2.027,-0.496,0,0.721,-0.173,0.315,0.788,0.543,-0.232,-0.228,-0.199,0.707,0.107,0.681,0.358,0.015,-0.459,-0.462,0.111,-0.093,-0.05,-0.046,-0.16
195,-0.102,0.311,0.449,0.695,0.521,-0.439,1.609,-0.717,0,0.723,-0.355,0.097,0.496,0.187,-0.247,-0.441,-0.235,0.33,-0.199,0.355,0.284,-0.341,-0.529,-0.663,0.098,-0.268,-0.234,0.056,-0.331
196,-0.095,0.432,0.666,0.798,0.607,-0.466,2.001,-0.72,0,0.888,-0.103,0.265,1.048,0.488,-0.115,-0.166,-0.253,0.552,0.017,0.41,0.088,-0.024,-0.557,-0.605,0.309,-0.238,-0.163,0.263,-0.092
197,0.106,0.48,0.824,1.143,0.931,-0.432,2.553,-0.697,0,0.963,-0.105,0.619,1.262,0.606,0.035,0.019,-0.15,0.727,0.126,0.666,0.435,0.064,-0.432,-0.591,0.432,0.052,0.034,0.595,0.18
198,0.015,0.523,0.693,1.057,0.836,-0.312,2.606,-0.898,0,0.945,-0.034,0.434,1.235,0.587,-0.088,-0.074,-0.283,0.777,0.099,0.658,0.376,-0.021,-0.497,-0.453,0.411,-0.027,0.009,0.437,0.081
199,0.15,0.777,1.073,1.487,1.089,-0.403,3.159,-0.464,0,1.185,-0.161,0.786,1.513,1.122,0.125,0.181,-0.123,1.242,0.29,0.81,0.643,0.301,-0.485,-0.412,0.617,0.136,0.134,0.659,0.314
200,-0.093,0.317,0.388,1.01,0.613,-0.555,2.255,-0.661,0,0.713,-0.362,0.008,0.591,0.263,-0.269,-0.158,-0.199,0.679,-0.195,0.249,0.372,-0.136,-0.576,-0.49,0.232,-0.292,-0.17,0.024,-0.262
201,-0.085,0.515,0.442,0.405,0.854,-0.434,2.29,-0.521,0,0.527,-0.355,0.05,0.711,0.392,-0.039,-0.076,0.421,1.438,0.079,0.679,0.18,-0.165,-0.506,-0.427,0.4,0.076,0.115,0.332,-0.083
202,0.013,0.415,0.631,1.143,0.792,-0.468,2.537,-0.596,0,0.978,-0.178,0.533,1.124,0.396,0.043,-0.064,-0.242,1.238,-0.019,0.653,0.344,-0.024,-0.447,-0.498,0.293,-0.157,0.046,0.533,0.088
203,0.128,0.62,0.977,1.199,0.997,-0.309,3.395,-0.725,0,1.248,-0.023,0.658,1.436,0.816,-0.058,0.08,-0.148,1.864,0.149,0.945,0.414,0.086,-0.487,-0.501,0.714,0.048,0.291,0.798,0.402
204,0.013,0.596,0.805,1.197,0.926,-0.243,3.103,-0.617,0,1.067,-0.037,0.366,1.543,0.692,0.072,0.047,-0.293,1.642,0.163,0.69,0.499,0.151,-0.444,-0.487,0.471,0.024,0.224,0.632,0.235
205,0.131,0.764,0.723,1.423,0.972,-0.314,3.105,-0.461,0,1.173,0.022,0.466,1.158,0.528,0.005,0.092,-0.019,1.722,-0.037,0.6,0.173,0.065,-0.483,-0.469,0.407,0.052,0.277,0.319,0.003
206,0.04,0.331,0.835,0.9,0.796,-0.438,3.415,-0.716,0,0.964,-0.126,0.174,1.117,0.523,-0.013,0.122,-0.303,1.977,0.076,0.678,-0.213,0.039,-0.394,-0.389,0.455,0.062,0.484,0.682,-0.028
207,-0.007,0.666,1.051,1.279,0.908,-0.269,3.671,-0.652,0,1.143,-0.216,0.447,1.335,0.699,0.094,0.14,-0.05,2.288,0.182,0.816,0.325,0.124,-0.502,-0.388,0.544,0.118,0.434,0.768,0.241
208,0.1,0.504,0.986,1.144,1.007,-0.359,4.01,-0.52,0,1.123,0.174,0.635,1.474,0.759,0.131,0.071,-0.228,2.441,0.237,0.921,0.333,0.226,-0.433,-0.377,0.554,0.031,0.579,0.866,0.314
209,-0.118,0.115,0.38,0.747,0.435,-0.479,2.587,-0.608,0,0.528,-0.294,0.265,0.888,0.249,-0.187,-0.113,-0.504,1.704,-0.038,0.365,0.131,-0.18,-0.584,-0.583,0.145,-0.138,0.219,0.222,-0.133
210,-0.027,0.514,0.596,1.028,0.634,-0.416,3.596,-0.679,0,0.794,-0.1,0.348,1.289,0.568,-0.029,-0.103,-0.252,2.182,0.098,0.595,0.054,0.037,-0.529,-0.437,0.224,-0.019,0.325,0.452,0.24
211,0.036,0.28,0.529,0.902,0.517,-0.441,3.331,-0.287,0,0.868,-0.138,0.554,1.134,0.34,0.008,-0.073,-0.426,2.033,0.023,0.589,0.196,0.066,-0.508,-0.513,0.321,-0.123,0.285,0.445,0.187
212,-0.014,0.432,0.62,0.925,0.698,-0.386,3.361,-0.624,0,0.619,-0.053,0.394,1.066,0.5,0.013,0.134,-0.312,2.228,0.057,0.537,0.195,-0.017,-0.434,-0.469,0.349,-0.096,0.501,0.404,0.169
213,0.005,0.337,0.69,1.363,0.795,-0.385,3.788,-0.664,0,0.797,-0.234,0.315,0.72,0.372,0.021,-0.033,-0.144,2.298,-0.147,0.592,0.068,-0.055,-0.462,-0.524,0.344,0.028,0.486,0.5,-0.022
214,-0.106,0.466,0.737,0.99,0.969,-0.439,4.281,-0.586,0,1.005,0.007,0.318,1.408,0.83,0.162,0.218,0.036,2.722,0.219,0.742,0.262,0.082,-0.032,-0.379,0.555,-0.119,0.649,0.682,0.289
215,-0.041,0.212,0.504,0.988,0.654,-0.47,3.424,-0.643,0,0.717,-0.122,0.18,1.168,0.469,-0.087,0.074,-0.255,2.089,-0.074,0.464,0.236,-0.145,-0.186,-0.645,0.256,-0.119,0.601,0.384,0.042
216,-0.157,0.422,0.446,0.642,0.522,-0.483,3.128,-0.855,0,0.547,-0.31,0.049,0.693,0.221,-0.082,-0.146,-0.13,1.705,-0.007,0.301,0.172,-0.211,-0.204,-0.483,0.255,-0.14,0.498,0.134,-0.098
217,-0.146,0.327,0.442,0.86,0.584,-0.432,3.354,-0.637,0,0.615,-0.169,0.129,0.833,0.257,-0.147,-0.033,-0.211,1.883,-0.024,0.314,0.135,-0.114,-0.121,-0.54,0.263,-0.103,0.459,0.375,0.024
218,-0.105,0.379,0.64,0.957,0.717,-0.492,3.726,-0.677,0,0.777,-0.257,0.204,0.862,0.52,-0.06,0.105,-0.37,2.218,0.066,0.57,0.356,0.035,-0.109,-0.621,0.244,-0.156,0.537,0.47,0.128
219,0.078,0.621,0.803,1.343,0.849,-0.278,4.611,-0.321,0,1.007,-0.049,0.599,0.897,0.503,0.224,-0.002,-0.123,2.724,0.028,0.767,0.535,0.158,0.144,-0.355,0.543,0.093,0.699,0.464,-0.115
220,-0.118,0.318,0.587,0.736,0.628,-0.408,3.669,-0.547,0,0.581,-0.288,0.259,1.012,0.302,0,-0.007,-0.428,2.043,-0.043,0.462,0.093,-0.02,-0.135,-0.511,0.292,-0.126,0.399,0.314,-0.021
221,-0.197,0.422,0.449,0.559,0.566,-0.551,4.041,-0.802,0,0.571,-0.227,-0.097,0.984,0.502,-0.047,-0.078,-0.115,2.377,0.026,0.515,-0.168,-0.141,-0.135,-0.422,0.373,-0.019,0.552,0.358,-0.004
222,-0.159,0.363,0.501,0.807,0.509,-0.459,3.847,-0.47,0,0.569,-0.169,0.228,0.968,0.433,-0.192,0.077,-0.235,2.263,0.016,0.529,0.01,-0.024,-0.035,-0.565,0.265,-0.076,0.521,0.519,0.103
223,-0.022,0.345,0.482,0.895,0.574,-0.359,3.946,-0.502,0,0.556,-0.248,0.435,1.124,0.503,-0.137,0.04,-0.338,2.006,0.097,0.528,0.187,-0.027,-0.074,-0.511,0.288,-0.111,0.489,0.437,0.004
224,-0.222,0.346,0.528,0.883,0.585,-0.372,3.906,-0.482,0,0.623,-0.114,0.149,0.86,0.461,-0.107,-0.092,-0.316,2.215,-0.028,0.53,-0.102,-0.062,-0.102,-0.542,0.281,-0.237,0.646,0.508,0.149
225,-0.026,0.332,0.564,0.935,0.751,-0.184,4.143,-0.464,0,0.801,-0.201,0.349,0.961,0.509,0.016,0.221,-0.301,2.238,0.031,0.613,0.186,-0.126,-0.07,-0.415,0.293,-0.03,0.314,0.527,0.23
226,-0.017,0.507,0.739,1.086,0.987,0,5.027,-0.46,-0.14,0.833,-0.157,0.375,1.012,0.85,0.074,0.279,-0.039,2.815,0.17,0.836,0.155,0.16,0.073,-0.433,0.391,0.158,0.804,0.765,0.606
227,-0.074,0.44,0.707,0.838,0.627,0,4.379,-0.658,-0.076,0.726,-0.051,0.206,1.11,0.686,0.039,0.329,-0.037,2.313,-0.029,0.661,0.009,-0.026,-0.104,-0.55,0.457,-0.186,0.72,0.766,0.402
228,-0.165,0.389,0.545,0.755,0.516,0,3.951,-0.774,-0.115,0.645,-0.145,0.049,1.036,0.73,-0.077,0.151,-0.111,1.943,-0.012,0.611,-0.025,-0.044,-0.21,-0.601,0.248,-0.118,0.805,0.607,0.367
229,-0.27,0.215,0.368,0.512,0.358,0,3.417,-0.559,-0.196,0.456,-0.126,0.06,0.662,0.354,-0.072,-0.004,-0.348,1.654,-0.122,0.424,-0.011,-0.124,-0.232,-0.527,0.203,-0.278,0.307,0.356,0.085
230,-0.44,-0.071,-0.101,0.259,0.044,0,2.243,-0.668,-0.409,0.128,-0.465,-0.236,0.127,-0.174,-0.306,-0.305,-0.422,0.972,-0.414,-0.034,-0.075,-0.407,-0.493,-0.619,-0.103,-0.351,0.15,-0.194,-0.408
231,-0.318,0.096,-0.029,0.208,0.235,0,2.248,-0.604,-0.231,0.188,-0.359,-0.221,0.431,0.059,-0.164,-0.141,0.247,1.36,-0.242,0.301,-0.491,-0.303,-0.502,-0.599,0.04,-0.344,0.197,0.288,0.134
232,-0.37,0.012,0.133,0.347,0.215,0,2.621,-0.543,-0.267,0.163,-0.324,-0.088,0.487,0.062,-0.373,-0.152,-0.418,1.221,-0.299,0.197,-0.182,-0.194,-0.456,-0.476,0.033,-0.272,0.195,0.25,0.161
233,-0.303,0.008,0.151,0.322,0.194,0,2.893,-0.478,-0.25,0.238,-0.334,-0.149,0.369,0.068,-0.222,-0.127,-0.273,1.375,-0.23,0.225,-0.096,-0.249,-0.298,-0.562,0.044,-0.288,0.169,0.286,0.165
234,-0.473,-0.048,-0.045,0.098,0.061,0,2.18,-0.74,-0.372,0.037,-0.455,-0.328,0.351,-0.142,-0.29,-0.296,-0.291,0.868,-0.36,0.07,-0.25,-0.354,-0.47,-0.628,-0.073,-0.431,0.142,0.071,0.007
235,-0.364,0.037,0.152,0.439,0.114,0,2.717,-0.605,-0.265,0.286,-0.399,-0.068,0.397,0.188,-0.138,-0.215,-0.34,1.403,-0.172,0.281,-0.273,-0.249,-0.39,-0.483,0.001,-0.234,0.233,-0.006,-0.01
236,-0.308,0.002,0.045,0.396,0.059,0,2.613,-0.72,-0.158,0.086,-0.312,-0.222,0.352,0.146,-0.313,-0.107,-0.429,1.26,-0.233,0.17,-0.247,-0.375,-0.387,-0.558,-0.084,-0.388,0.081,0.18,0.243
237,-0.283,0.009,0.176,0.376,0.289,-0.045,3.023,-0.65,0,0.312,-0.169,-0.166,0.465,0.193,-0.194,-0.065,-0.349,1.33,-0.098,0.381,-0.154,-0.267,-0.246,-0.532,0.081,-0.364,0.14,0.357,0.405
238,-0.388,0.065,0.174,0.256,0.162,-0.026,2.674,-0.605,0,0.137,-0.336,-0.232,0.331,0.326,-0.256,-0.15,-0.295,1.263,-0.197,0.163,-0.321,-0.32,-0.417,-0.559,-0.121,-0.372,0.139,0.347,0.281
239,-0.401,-0.13,-0.085,0.091,-0.156,-0.26,2.344,-0.785,0,0.097,-0.378,-0.086,-0.039,-0.034,-0.31,-0.393,-0.434,0.814,-0.365,0.024,-0.313,-0.362,-0.476,-0.626,-0.226,-0.374,-0.182,-0.129,-0.19
240,-0.437,-0.131,-0.037,0.176,-0.11,-0.077,2.039,-0.749,0.151,0,-0.455,-0.162,0.023,0.206,-0.451,-0.345,-0.414,0.935,-0.326,-0.043,-0.409,-0.475,-0.502,-0.591,-0.136,-0.349,-0.007,-0.091,-0.064
241,-0.398,-0.077,0.087,0.092,-0.018,0.016,2.134,-0.683,0,-0.147,-0.381,-0.444,0.064,0.244,-0.341,-0.313,-0.359,0.957,-0.34,-0.004,-0.34,-0.489,-0.527,-0.69,-0.116,-0.428,-0.073,-0.084,0.053
242,-0.449,-0.211,0.042,0.114,-0.067,-0.179,2.027,-0.684,0.148,0,-0.427,-0.32,0.161,0.416,-0.342,-0.078,-0.472,0.795,-0.276,0.084,-0.273,-0.34,-0.53,-0.655,-0.287,-0.489,-0.218,0.063,0.065
243,-0.469,-0.172,-0.095,-0.04,-0.159,-0.208,1.699,-0.772,0.031,0,-0.465,-0.383,-0.036,0.076,-0.44,-0.402,-0.472,0.621,-0.398,-0.161,-0.35,-0.565,-0.54,-0.607,-0.376,-0.589,-0.155,-0.1,-0.091
244,-0.428,-0.243,-0.046,0.036,-0.046,-0.234,1.852,-0.72,0.06,0,-0.361,-0.386,0.058,0.249,-0.439,-0.374,-0.545,0.725,-0.393,-0.016,-0.375,-0.451,-0.6,-0.575,-0.29,-0.419,-0.223,0.024,0.074
245,-0.446,-0.14,0.082,0.293,-0.111,-0.226,1.861,-0.724,0.018,0,-0.487,-0.121,0.195,0.377,-0.372,-0.201,-0.487,0.862,-0.356,-0.051,-0.326,-0.344,-0.539,-0.613,-0.257,-0.515,0.012,-0.279,0.012
246,-0.436,-0.031,0.043,0.031,-0.133,0,1.971,-0.785,0.181,-0.021,-0.492,-0.179,0.062,0.492,-0.317,-0.225,-0.423,0.777,-0.375,0.002,-0.284,-0.472,-0.629,-0.552,-0.271,-0.463,-0.024,0.019,0.056
247,-0.52,-0.145,0.034,0.19,-0.066,-0.059,2.007,-0.601,0.121,0,-0.376,-0.078,0.019,0.445,-0.426,-0.414,-0.473,0.767,-0.346,-0.118,-0.29,-0.474,-0.564,-0.615,-0.277,-0.478,-0.067,-0.102,-0.065
248,-0.487,-0.13,0.129,0.095,-0.06,-0.014,1.952,-0.702,0,0.007,-0.358,-0.058,0.031,0.572,-0.39,-0.293,-0.385,0.694,-0.367,0.052,-0.386,-0.4,-0.476,-0.639,-0.316,-0.431,-0.153,0.049,0.14
249,-0.494,-0.174,0.077,0.005,-0.139,0.009,1.767,-0.76,-0.06,0,-0.485,-0.07,0.028,0.544,-0.457,-0.306,-0.475,0.686,-0.32,-0.077,-0.444,-0.408,-0.603,-0.697,-0.302,-0.545,-0.105,-0.04,-0.014
250,-0.407,-0.185,0.147,0.041,0.128,0.084,2.106,-0.557,0,-0.01,-0.368,0.11,0.11,0.593,-0.318,-0.072,-0.408,0.742,-0.308,-0.078,-0.335,-0.316,-0.53,-0.63,-0.248,-0.478,-0.004,0.02,0.237
251,-0.501,-0.04,-0.132,-0.162,-0.046,0.245,1.159,-0.815,0,-0.209,-0.433,-0.028,-0.314,0.38,-0.225,-0.275,0.402,0.475,-0.459,-0.061,-0.25,-0.52,-0.601,-0.585,-0.221,-0.462,-0.113,-0.313,-0.057
252,-0.44,-0.151,0.089,0.052,-0.081,0.192,1.718,-0.677,-0.036,0,-0.584,0.161,-0.019,0.601,-0.317,-0.158,-0.524,0.516,-0.333,-0.13,-0.365,-0.41,-0.599,-0.571,-0.285,-0.497,0.008,-0.15,-0.014
253,-0.48,-0.053,0.261,0.181,0.04,0.426,2.297,-0.639,-0.016,0,-0.325,0.267,0.21,0.902,-0.233,0.055,-0.308,0.943,-0.233,0.051,-0.282,-0.419,-0.485,-0.635,-0.115,-0.478,0.087,0.197,0.271
254,-0.479,-0.173,0.188,0.048,-0.016,0.095,2.141,-0.33,0,-0.033,-0.407,0.182,0.091,0.855,-0.198,-0.039,-0.334,0.788,-0.334,-0.002,-0.335,-0.484,-0.503,-0.544,-0.222,-0.503,0.028,-0.35,-0.026
255,-0.481,-0.171,0.17,-0.026,-0.141,0.265,1.827,-0.726,0,-0.049,-0.477,0.161,0.081,0.812,-0.322,0.158,-0.389,0.486,-0.391,-0.188,-0.282,-0.429,-0.573,-0.614,-0.174,-0.549,-0.144,0.017,0.051
256,-0.471,-0.04,0.216,0.071,0.007,0.205,2.021,-0.63,-0.036,0,-0.36,0.35,0.196,1.016,-0.136,0.305,-0.285,0.779,-0.263,0.084,-0.336,-0.362,-0.586,-0.534,-0.316,-0.424,-0.058,0.06,0.091
257,-0.498,-0.096,0.11,-0.052,-0.06,0.404,1.678,-0.746,0,-0.143,-0.461,0.124,0.242,0.86,-0.337,0.201,-0.405,0.42,-0.395,-0.164,-0.481,-0.473,-0.566,-0.661,-0.248,-0.422,-0.198,0.036,0.041
258,-0.458,-0.146,0.27,0.154,-0.035,0.145,2.15,-0.574,-0.017,0,-0.382,0.455,0.28,1.111,0.002,0.393,-0.237,0.7,-0.349,-0.01,-0.35,-0.36,-0.606,-0.558,-0.082,-0.464,-0.015,-0.109,-0.002
259,-0.508,-0.247,0.177,-0.057,-0.162,0.174,1.68,-0.61,0,-0.144,-0.534,0.24,0.369,0.844,-0.279,0.332,-0.421,0.542,-0.33,-0.13,-0.419,-0.403,-0.687,-0.668,-0.278,-0.598,-0.12,0.02,0.014
260,-0.431,0.053,0.097,0.136,0.078,0.506,2.027,-0.831,0,-0.081,-0.453,0.382,0.792,1.034,-0.077,0.387,-0.274,0.68,-0.149,0.007,-0.377,-0.46,-0.531,-0.557,-0.134,-0.364,0.105,0.18,0.031
261,-0.523,-0.198,0.07,-0.058,-0.191,0.097,1.488,-0.769,0,-0.154,-0.485,0.155,0.696,0.813,-0.3,0.215,-0.434,0.54,-0.408,-0.096,-0.421,-0.427,-0.634,-0.579,-0.32,-0.525,-0.138,-0.175,0.014
262,-0.483,-0.14,0.286,0.139,-0.021,0.356,1.859,-0.595,0,-0.059,-0.389,0.579,0.988,1.062,-0.056,0.275,-0.34,0.599,-0.23,0.091,-0.418,-0.335,-0.601,-0.554,-0.172,-0.445,-0.044,0.208,0.064
263,-0.419,-0.021,0.227,0.152,0.019,0.289,2.054,-0.652,0,-0.084,-0.445,0.515,1.216,0.978,-0.184,0.35,-0.367,0.479,-0.229,0.042,-0.402,-0.314,-0.615,-0.571,-0.068,-0.389,-0.002,0.18,0.081
264,-0.469,-0.081,0.061,0.132,-0.16,0.35,1.441,-0.656,0,-0.043,-0.444,0.233,0.513,0.919,-0.268,0.126,-0.345,0.488,-0.418,-0.115,-0.455,-0.44,-0.686,-0.591,-0.297,-0.477,0.048,-0.197,-0.315
265,-0.522,-0.095,0.035,0.036,-0.206,0.041,1.504,-0.593,0,-0.126,-0.44,0.23,0.577,0.884,-0.243,0.163,-0.336,0.446,-0.476,-0.12,-0.513,-0.47,-0.634,-0.693,-0.321,-0.471,-0.082,-0.151,-0.149
266,-0.511,-0.045,0.191,-0.023,-0.064,0.124,1.669,-0.698,0,-0.047,-0.446,0.423,1.121,1.143,-0.152,0.223,-0.302,0.445,-0.24,-0.067,-0.447,-0.412,-0.599,-0.655,-0.262,-0.383,-0.171,0.087,-0.024
267,-0.394,-0.08,0.214,-0.075,-0.073,0.222,1.739,-0.634,0,-0.017,-0.42,0.56,1.131,1.086,-0.21,0.316,-0.321,0.48,-0.257,0.008,-0.472,-0.447,-0.584,-0.54,-0.164,-0.44,-0.042,0.228,0.092
268,-0.423,-0.071,0.092,-0.037,-0.141,0.117,1.621,-0.61,-0.116,0,-0.419,0.441,0.762,0.935,-0.041,0.203,-0.529,0.544,-0.348,-0.061,-0.336,-0.439,-0.55,-0.563,-0.189,-0.441,-0.138,-0.388,-0.191
269,-0.503,-0.057,0.033,-0.003,-0.07,0.295,1.541,-0.715,0,-0.069,-0.42,0.409,1.014,1.065,-0.306,0.197,-0.429,0.355,-0.357,-0.056,-0.577,-0.427,-0.566,-0.675,-0.228,-0.465,-0.189,0.002,-0.105
270,-0.547,-0.113,-0.021,-0.001,-0.165,0.131,1.444,-0.706,0,-0.074,-0.485,0.299,0.876,0.932,-0.198,0.195,-0.395,0.423,-0.337,-0.033,-0.572,-0.454,-0.612,-0.622,-0.233,-0.516,-0.169,0,-0.124
271,-0.544,-0.066,0.038,-0.047,-0.113,0,1.57,-0.824,0.096,-0.179,-0.384,0.341,0.988,1.168,-0.224,0.187,-0.41,0.422,-0.367,-0.054,-0.484,-0.34,-0.551,-0.713,-0.226,-0.432,-0.113,0.075,-0.067
272,-0.534,-0.172,-0.22,-0.156,-0.235,0,1.197,-0.831,0.389,-0.152,-0.556,-0.032,0.412,0.839,-0.29,-0.007,-0.325,0.258,-0.505,-0.203,-0.46,-0.54,-0.641,-0.706,-0.343,-0.459,-0.173,-0.12,-0.326
273,-0.451,-0.185,0.103,-0.04,-0.161,-0.018,1.605,-0.53,0.202,0,-0.461,0.269,0.616,1.128,-0.18,0.171,-0.416,0.617,-0.413,-0.075,-0.526,-0.543,-0.563,-0.63,-0.203,-0.487,-0.09,-0.214,-0.268
274,-0.526,-0.288,-0.1,-0.176,-0.215,0,1.344,-0.735,0.163,-0.219,-0.524,0.282,0.542,0.997,-0.291,0.17,-0.357,0.299,-0.45,-0.147,-0.55,-0.539,-0.651,-0.687,-0.34,-0.443,-0.174,0.073,-0.077
275,-0.576,-0.195,0.029,-0.179,-0.293,0,1.308,-0.771,0.117,-0.157,-0.475,0.159,0.303,1.028,-0.229,0.158,-0.479,0.369,-0.459,-0.179,-0.666,-0.456,-0.628,-0.655,-0.283,-0.486,-0.165,-0.358,-0.296
276,-0.587,-0.265,-0.026,-0.15,-0.235,0,1.221,-0.663,0.162,-0.227,-0.605,0.197,0.623,1.006,-0.338,0.045,-0.392,0.274,-0.432,-0.14,-0.624,-0.39,-0.614,-0.694,-0.301,-0.554,-0.258,-0.061,-0.039
277,-0.473,-0.096,0.037,-0.004,-0.155,0,1.371,-0.75,0.261,-0.009,-0.304,0.454,0.807,1.215,-0.156,0.21,-0.465,0.492,-0.36,-0.067,-0.515,-0.419,-0.543,-0.707,-0.24,-0.444,-0.023,0.057,-0.08
278,-0.536,-0.284,0.178,0.041,-0.137,0,1.612,-0.625,0.251,-0.159,-0.356,0.447,0.6,1.284,-0.045,0.172,-0.368,0.462,-0.402,-0.067,-0.704,-0.453,-0.568,-0.698,-0.27,-0.539,0.004,-0.088,-0.121
279,-0.512,-0.039,-0.067,-0.23,-0.137,0,1.398,-0.596,0.209,-0.094,-0.392,0.266,0.677,1.282,-0.307,0.271,-0.345,0.422,-0.455,-0.076,-0.614,-0.481,-0.588,-0.671,-0.31,-0.471,-0.129,0.025,-0.162
280,-0.584,-0.191,-0.24,-0.222,-0.246,0,0.92,-0.763,0.227,-0.247,-0.616,-0.04,0.55,1.048,-0.341,0.077,-0.506,0.17,-0.477,-0.146,-0.649,-0.51,-0.706,-0.764,-0.447,-0.52,-0.211,-0.065,-0.177
281,-0.425,-0.046,0.127,0.031,-0.149,0,1.406,-0.601,0.312,-0.044,-0.442,0.508,0.829,1.506,-0.112,0.072,-0.337,0.42,-0.329,0.04,-0.492,-0.406,-0.556,-0.713,-0.24,-0.585,-0.071,0.224,0.033
282,-0.504,-0.14,-0.01,-0.136,-0.153,0,1.226,-0.574,0.019,-0.124,-0.525,0.28,0.606,1.184,-0.283,0.178,-0.518,0.527,-0.416,-0.091,-0.527,-0.41,-0.7,-0.635,-0.273,-0.534,-0.175,-0.181,-0.01
283,-0.579,-0.085,-0.203,-0.101,-0.216,0,1.088,-0.826,0.228,-0.172,-0.448,0.212,0.55,1.179,-0.394,0.103,-0.398,0.279,-0.532,-0.142,-0.46,-0.497,-0.57,-0.724,-0.391,-0.499,-0.196,-0.066,-0.125
284,-0.53,-0.086,0.033,-0.157,-0.259,0,1.165,-0.76,0.186,-0.027,-0.501,0.337,0.656,1.478,-0.284,0.023,-0.467,0.489,-0.411,-0.039,-0.583,-0.444,-0.634,-0.681,-0.254,-0.49,-0.184,0.031,-0.042
285,-0.49,-0.059,0.078,-0.159,-0.14,0,1.35,-0.631,0.152,-0.173,-0.403,0.176,0.679,1.388,-0.203,0.21,-0.466,0.48,-0.35,-0.078,-0.52,-0.439,-0.642,-0.704,-0.249,-0.474,-0.183,0.12,-0.046
286,-0.503,-0.201,0.133,-0.143,-0.231,-0.043,1.528,-0.458,0.171,0,-0.367,0.15,0.296,1.551,-0.198,0.264,-0.324,0.451,-0.35,0.086,-0.622,-0.43,-0.605,-0.629,-0.246,-0.487,-0.014,-0.065,-0.22
287,-0.425,0.077,-0.092,-0.028,-0.121,0,1.227,-0.614,0.198,-0.116,-0.455,0.015,0.713,1.473,-0.22,0.166,-0.286,0.362,-0.395,-0.032,-0.525,-0.474,-0.643,-0.634,-0.225,-0.414,0.029,0.029,-0.124
288,-0.508,-0.163,0.027,-0.046,-0.231,0,1.234,-0.737,0.137,-0.2,-0.424,0.303,0.704,1.424,-0.259,-0.006,-0.448,0.322,-0.351,-0.082,-0.528,-0.5,-0.653,-0.672,-0.252,-0.455,-0.203,0.128,-0.103
289,-0.553,-0.137,0.009,-0.025,-0.225,0,1.258,-0.455,0.116,-0.029,-0.462,0.237,0.63,1.439,-0.209,0.187,-0.318,0.427,-0.262,-0.021,-0.56,-0.369,-0.58,-0.557,-0.237,-0.458,-0.207,0.109,-0.049
290,-0.434,-0.042,0.061,0.101,-0.216,0,1.339,-0.59,0.15,-0.161,-0.414,0.166,0.65,1.458,-0.321,0.249,-0.436,0.464,-0.38,-0.015,-0.502,-0.381,-0.634,-0.671,-0.18,-0.441,-0.107,-0.126,-0.097
291,-0.523,-0.074,-0.223,-0.174,-0.204,0,1.062,-0.51,0.132,-0.129,-0.542,0.038,0.414,1.165,-0.242,0.171,-0.264,0.477,-0.381,-0.088,-0.615,-0.45,-0.661,-0.576,-0.186,-0.472,-0.091,-0.099,-0.134
292,-0.491,-0.168,0.136,0.027,-0.19,0,1.435,-0.613,0.1,-0.018,-0.394,0.42,0.651,1.417,-0.178,0.265,-0.505,0.385,-0.384,-0.054,-0.659,-0.482,-0.62,-0.714,-0.194,-0.447,-0.02,0.107,-0.085
293,-0.558,-0.174,-0.084,-0.112,-0.205,0.021,1.007,-0.569,0,-0.262,-0.499,0.13,0.507,1.115,-0.268,-0.025,-0.439,0.308,-0.445,-0.127,-0.67,-0.455,-0.634,-0.705,-0.188,-0.515,-0.145,0.025,-0.168
294,-0.59,-0.045,0.062,0.023,-0.187,0,1.374,-0.481,0.121,-0.082,-0.381,0.198,0.443,1.299,-0.163,0.102,-0.448,0.448,-0.359,-0.036,-0.698,-0.396,-0.558,-0.595,-0.162,-0.484,-0.093,-0.138,-0.161
295,-0.483,-0.209,-0.009,-0.177,-0.193,0,1.184,-0.694,0.041,-0.134,-0.368,0.074,0.611,1.276,-0.327,0.118,-0.365,0.306,-0.361,-0.091,-0.616,-0.428,-0.575,-0.764,-0.31,-0.356,-0.091,0.042,-0.164
296,-0.482,-0.14,-0.004,-0.008,-0.138,0,1.373,-0.649,0.096,-0.056,-0.461,0.352,0.631,1.348,-0.322,0.295,-0.373,0.312,-0.34,0.049,-0.591,-0.41,-0.653,-0.683,-0.127,-0.457,-0.193,0.023,0.005
297,-0.561,-0.07,0.049,-0.043,-0.051,0,1.28,-0.543,0.011,-0.108,-0.519,0.167,0.471,1.302,-0.186,0.247,-0.346,0.484,-0.26,0.059,-0.602,-0.407,-0.61,-0.721,-0.187,-0.418,0.015,0.109,-0.023
298,-0.399,-0.078,-0.018,-0.021,-0.166,-0.022,1.413,-0.666,0.163,0,-0.336,0.119,0.529,1.345,-0.155,0.146,-0.295,0.477,-0.333,-0.064,-0.612,-0.369,-0.647,-0.584,-0.096,-0.437,-0.088,-0.276,-0.14
299,-0.409,-0.005,-0.157,-0.208,-0.16,0,1.262,-0.727,0.094,-0.101,-0.405,-0.035,0.53,1.193,-0.213,-0.02,-0.382,0.228,-0.339,-0.121,-0.601,-0.469,-0.65,-0.666,-0.237,-0.348,-0.106,0.197,-0.147
300,-0.251,-0.08,0.024,-0.088,-0.158,0.036,1.277,-0.615,0,-0.015,-0.443,0.259,0.504,1.109,-0.227,0.185,-0.289,0.299,-0.355,-0.063,-0.626,-0.374,-0.633,-0.719,-0.229,-0.429,-0.185,0.169,-0.091
301,-0.178,-0.004,0.014,0.007,-0.142,0,1.369,-0.819,0.114,-0.05,-0.436,0.443,0.652,1.31,-0.137,0.271,-0.317,0.357,-0.37,0.052,-0.498,-0.361,-0.637,-0.674,-0.252,-0.35,-0.07,0.045,0.014
302,-0.142,-0.083,0.04,-0.063,-0.265,0,1.321,-0.529,0.006,-0.139,-0.427,0.134,0.419,1.126,-0.178,0.1,-0.161,0.374,-0.324,-0.015,-0.64,-0.327,-0.607,-0.613,-0.248,-0.424,-0.166,-0.16,-0.074
303,0.037,-0.116,-0.023,-0.068,-0.263,0,1.067,-0.558,0.047,-0.027,-0.512,0.212,0.206,1.091,-0.042,0.032,-0.137,0.296,-0.435,-0.08,-0.652,-0.387,-0.632,-0.648,-0.217,-0.423,-0.073,-0.029,-0.196
304,0.055,0.004,0.233,-0.012,-0.131,0.099,1.359,-0.497,0,-0.072,-0.405,0.236,0.403,1.105,0.115,0.148,-0.173,0.475,-0.248,-0.025,-0.39,-0.362,-0.62,-0.708,-0.246,-0.439,-0.072,0.011,-0.116
305,0.138,0.116,0.063,-0.044,-0.19,0.048,1.578,-0.726,0,-0.18,-0.245,0.253,0.533,1.422,0.158,0.296,-0.145,0.446,-0.353,0.06,-0.662,-0.456,-0.534,-0.556,-0.147,-0.44,0.046,0.015,-0.039
306,0.191,-0.127,0.056,-0.045,-0.016,0,1.558,-0.478,0.237,-0.017,-0.336,0.282,0.619,1.301,0.298,0.434,0.051,0.479,-0.233,-0.006,-0.549,-0.309,-0.574,-0.597,-0.219,-0.425,-0.033,0.235,0.002
307,0.186,0.04,-0.033,-0.022,-0.07,0,1.501,-0.621,0.085,-0.074,-0.308,0.213,0.623,1.369,0.523,0.322,-0.13,0.408,-0.309,0.075,-0.671,-0.3,-0.612,-0.695,-0.136,-0.5,-0.083,0.101,-0.044
308,0.326,0.019,-0.061,-0.089,-0.188,0.05,1.06,-0.54,0,-0.121,-0.339,0.135,0.29,1.039,0.261,0.221,-0.048,0.239,-0.317,-0.102,-0.57,-0.421,-0.64,-0.628,-0.182,-0.492,-0.167,0.033,-0.318
309,0.444,0.015,0.061,0.151,-0.11,0.254,1.424,-0.723,0,-0.082,-0.396,0.297,0.533,1.251,0.539,0.159,0.069,0.397,-0.338,-0.066,-0.429,-0.464,-0.596,-0.613,-0.19,-0.348,-0.026,0.115,-0.071
310,0.409,-0.035,0.04,-0.059,-0.13,0,1.373,-0.583,0.03,-0.135,-0.503,0.235,0.538,1.247,0.673,0.327,0.175,0.389,-0.318,0.017,-0.649,-0.342,-0.658,-0.642,-0.12,-0.412,-0.209,0.223,-0.016
311,0.527,0.025,0.122,-0.048,-0.106,0,1.574,-0.503,0.204,-0.121,-0.334,0.344,0.49,1.483,0.76,0.295,0.111,0.449,-0.239,0.054,-0.597,-0.395,-0.617,-0.545,-0.176,-0.441,-0.08,0.244,-0.062
312,0.539,-0.003,-0.006,-0.035,-0.173,0.06,1.123,-0.617,0,-0.043,-0.368,0.087,0.468,1.133,0.785,0.212,0.52,0.273,-0.318,0.017,-0.627,-0.504,-0.565,-0.564,-0.267,-0.506,-0.128,-0.003,-0.11
313,0.603,0.03,0.062,-0.092,-0.072,0.111,1.483,-0.421,0,-0.065,-0.317,0.304,0.645,1.333,0.934,0.3,0.22,0.375,-0.228,0.139,-0.639,-0.342,-0.664,-0.599,-0.177,-0.427,0.016,0.224,-0.018
314,0.655,-0.107,0.033,-0.086,-0.066,0,1.518,-0.486,-0.16,0.015,-0.386,0.235,0.395,1.403,1.197,0.357,0.091,0.263,-0.34,-0.056,-0.631,-0.364,-0.629,-0.639,-0.17,-0.498,-0.08,0.14,-0.124
315,0.726,-0.045,0.095,-0.105,-0.186,0,1.431,-0.341,0.06,-0.067,-0.387,0.317,0.41,1.372,1.162,0.266,0.108,0.469,-0.245,0.104,-0.608,-0.349,-0.547,-0.534,-0.253,-0.408,-0.109,-0.102,-0.238
316,0.809,0.026,0,-0.047,-0.182,0,1.512,-0.73,0.028,-0.083,-0.225,0.134,0.598,1.334,1.436,0.727,0.26,0.411,-0.148,0.104,-0.511,-0.356,-0.56,-0.552,-0.244,-0.485,-0.105,0.124,-0.114
317,0.802,0.097,0.059,-0.075,-0.118,0,1.491,-0.599,0.068,-0.176,-0.346,0.422,0.403,1.375,1.442,0.368,0.246,0.235,-0.201,0.093,-0.625,-0.27,-0.648,-0.569,-0.258,-0.524,-0.071,0.205,0.001
318,0.895,-0.049,-0.038,-0.082,-0.102,0,1.502,-0.464,0.057,-0.27,-0.444,0.207,0.61,1.376,1.352,0.61,0.255,0.329,-0.267,0.14,-0.64,-0.338,-0.582,-0.528,-0.234,-0.391,-0.126,0.214,-0.105
319,1.098,-0.04,0.053,-0.057,-0.193,0.204,1.461,-0.494,0,-0.113,-0.367,0.255,0.177,1.172,1.054,0.2,0.393,0.211,-0.302,0.057,-0.546,-0.359,-0.604,-0.545,-0.193,-0.435,-0.193,0.093,-0.198
320,0.945,-0.092,0.119,-0.011,-0.175,-0.001,1.813,-0.31,0.107,0,-0.296,0.372,0.706,1.279,1.221,0.386,0.601,0.492,-0.132,0.062,-0.629,-0.302,-0.606,-0.616,-0.143,-0.34,0.011,0.052,-0.106
321,0.828,0.274,-0.234,-0.035,-0.041,0.02,1.304,-0.659,0,-0.043,-0.179,0.36,0.533,1.361,1.169,0.185,0.918,0.479,-0.214,0.046,-0.596,-0.508,-0.562,-0.472,-0.104,-0.437,-0.023,0.157,-0.152
322,1.028,0.13,0.156,0.003,-0.158,0.076,1.691,-0.351,0,-0.116,-0.417,0.577,0.408,1.302,1.543,0.476,0.582,0.356,-0.083,0.079,-0.591,-0.378,-0.607,-0.535,-0.2,-0.449,0.017,0.199,-0.002
323,0.897,0.013,0.151,-0.05,-0.143,0.084,1.488,0,-0.059,-0.021,-0.372,0.724,0.225,1.145,1.125,0.365,0.862,0.32,-0.266,-0.076,-0.767,-0.471,-0.626,-0.561,-0.11,-0.394,0.026,0.101,-0.067
324,1.13,0.073,-0.009,0.039,-0.179,0.003,1.701,-0.411,0,-0.068,-0.396,0.508,0.635,1.402,1.375,0.586,0.436,0.286,-0.186,0.085,-0.668,-0.411,-0.578,-0.676,-0.195,-0.466,-0.23,0.086,-0.03
325,1.059,-0.031,0.056,-0.044,-0.173,0,1.425,-0.349,0.053,-0.092,-0.422,0.219,0.488,1.134,1.26,0.534,0.303,0.306,-0.27,0.114,-0.578,-0.446,-0.633,-0.537,-0.299,-0.521,-0.073,0.258,-0.161
326,1.294,0.072,0.107,0.235,-0.06,0,1.82,-0.194,0.066,-0.093,-0.252,0.856,0.566,1.569,1.335,0.746,0.493,0.412,-0.165,0.292,-0.565,-0.261,-0.539,-0.538,-0.23,-0.502,-0.07,0.206,0.045
327,1.104,0.176,0.01,0.178,-0.193,0.039,1.235,-0.044,0,-0.079,-0.208,0.703,0.199,1.157,0.601,0.017,0.805,0.448,-0.252,0.248,-0.416,-0.338,-0.549,-0.461,-0.271,-0.324,-0.14,-0.069,-0.234
328,1.16,0.246,-0.008,0.098,-0.095,0.002,1.344,-0.134,-0.096,0,-0.231,0.865,0.476,1.082,1.009,0.217,0.739,0.312,-0.252,0.01,-0.607,-0.324,-0.628,-0.715,-0.244,-0.521,0.066,0.098,-0.11
329,1.248,0.321,-0.003,0.109,-0.203,-0.025,1.657,0.062,-0.11,0,-0.173,0.782,0.431,1.204,1.07,0.526,0.462,0.271,-0.136,0.13,-0.58,-0.375,-0.685,-0.668,-0.081,-0.387,0,0.259,-0.078
330,1.061,0.259,-0.029,0.182,-0.174,-0.082,1.422,0.166,0,-0.118,-0.249,0.65,0.423,1.045,1.145,0.467,0.673,0.207,-0.208,0.117,-0.74,-0.39,-0.646,-0.635,-0.185,-0.508,-0.004,0.101,0.004
331,1.356,0.806,-0.014,0.407,-0.003,0,1.142,-0.104,0.003,-0.359,-0.233,0.789,0.277,1.118,0.804,0.192,1.514,0.383,-0.348,0.188,-0.593,-0.429,-0.566,-0.381,-0.101,-0.299,-0.066,0.009,-0.06
332,1.633,0.965,0.041,0.404,-0.005,0.112,2,-0.056,-0.054,0,-0.117,0.932,0.435,1.174,1.278,0.542,1.16,0.425,-0.162,0.216,-0.433,-0.206,-0.592,-0.584,0.041,-0.203,0.238,0.393,0.017
333,1.016,0.586,-0.094,0.242,-0.241,-0.165,1.362,0.126,0,-0.216,-0.393,0.709,0.32,0.88,0.865,0.254,0.432,0.196,-0.291,0.026,-0.668,-0.378,-0.71,-0.607,-0.293,-0.516,-0.008,0.075,-0.095
334,1.239,0.727,0.135,0.252,-0.124,0.023,1.758,0,-0.001,-0.114,-0.353,0.881,0.441,1.199,1.19,0.335,0.667,0.436,-0.184,0.171,-0.601,-0.325,-0.617,-0.519,-0.17,-0.484,0.095,0.174,-0.106
335,0.995,0.763,-0.068,0.263,-0.094,0,1.457,0.144,-0.071,-0.113,-0.28,0.845,0.336,1.028,0.989,0.398,0.809,0.224,-0.249,0.155,-0.669,-0.421,-0.633,-0.605,-0.189,-0.603,0.21,0.123,-0.142
336,1.469,1.157,0.159,0.499,0.035,0.18,1.416,-0.049,0,-0.206,-0.297,1.121,0.429,1.354,1.149,0.399,1.398,0.347,-0.327,0.305,-0.464,-0.425,-0.537,-0.558,-0.009,-0.321,0.366,0.209,-0.028
337,1.322,1.145,0.115,0.395,0.085,0.108,1.853,-0.017,-0.051,0,-0.269,1.172,0.515,1.324,1.342,0.488,1.047,0.366,-0.085,0.149,-0.522,-0.303,-0.567,-0.533,-0.022,-0.447,0.214,0.347,0.029
338,1.029,0.693,-0.093,0.287,-0.167,0,1.67,0.076,-0.015,-0.122,-0.158,1.071,0.427,1.028,0.95,0.457,0.75,0.288,-0.191,0.076,-0.695,-0.404,-0.631,-0.625,-0.139,-0.45,0.126,0.089,-0.008
339,1.148,1.269,0.073,0.272,-0.165,-0.03,1.918,0.181,0,-0.075,-0.356,1.188,0.443,1.278,1.238,0.599,0.903,0.47,-0.217,0.187,-0.573,-0.346,-0.57,-0.494,-0.143,-0.386,0.219,0.152,-0.015
340,0.95,0.792,-0.11,0.098,-0.31,-0.202,1.417,0.103,0,-0.211,-0.346,0.924,0.241,0.984,0.872,0.292,0.514,0.261,-0.241,0.05,-0.608,-0.377,-0.637,-0.613,-0.198,-0.448,-0.071,-0.221,-0.128
341,1.265,2.027,0.031,1.128,0.448,0.201,0.925,-0.226,-0.021,0,-0.17,1.174,0.755,1.845,1.414,0.517,1.821,0.821,-0.167,0.685,-0.246,-0.289,-0.391,-0.48,0.031,-0.198,0.537,0.196,0.124
342,0.947,1.128,-0.105,0.306,-0.163,0,1.416,0.2,-0.088,-0.065,-0.302,0.909,0.458,1.004,1.149,0.809,1.032,0.191,-0.346,0.146,-0.549,-0.258,-0.538,-0.63,-0.158,-0.528,0.183,0.249,-0.09
343,0.881,0.975,-0.224,0.105,-0.261,-0.106,1.276,0.032,0,-0.159,-0.478,0.817,0.258,0.925,1.094,0.685,0.638,0.134,-0.324,0.004,-0.558,-0.383,-0.582,-0.598,-0.227,-0.457,-0.148,0.125,-0.143
344,0.995,1.238,0.01,0.211,-0.208,-0.079,1.356,0.195,0,-0.114,-0.267,1.082,0.436,0.981,1.12,0.856,0.72,0.26,-0.188,0.119,-0.57,-0.243,-0.61,-0.584,-0.25,-0.389,0.052,0.087,-0.192
345,1.109,1.427,-0.148,0.412,-0.212,0.084,1.095,-0.109,-0.026,0,-0.03,0.909,0.238,1.032,1.136,0.783,1.233,0.201,-0.336,0.23,-0.707,-0.301,-0.57,-0.57,-0.056,-0.285,0.104,0.119,-0.206
346,0.923,1.242,-0.18,0.047,-0.278,0,1.322,0.171,-0.001,-0.185,0.139,0.907,0.43,0.878,1.278,1.029,0.788,0.168,-0.261,0.17,-0.536,-0.398,-0.594,-0.539,-0.138,-0.425,0.013,0.088,-0.15
347,0.981,1.322,-0.039,0.282,-0.134,-0.012,1.653,0.266,0,-0.176,0.217,1.074,0.502,1.168,1.397,1.251,0.777,0.264,-0.133,0.163,-0.646,-0.121,-0.625,-0.525,-0.221,-0.341,0.143,0.138,-0.055
348,0.886,1.317,-0.068,0.214,-0.229,-0.175,1.056,0.103,-0.039,0,0.16,1.087,0.412,0.964,1.337,1.369,0.884,0.222,-0.165,0.207,-0.603,-0.267,-0.554,-0.61,-0.23,-0.44,0.033,0.164,-0.066
349,1.005,1.335,-0.069,0.271,-0.024,-0.061,1.394,0,0.116,-0.105,0.303,1.013,0.346,1.13,1.268,1.668,0.939,0.419,-0.209,0.155,-0.627,-0.114,-0.55,-0.482,-0.206,-0.404,0.122,-0.127,-0.091
350,1.027,1.18,-0.146,0.202,-0.225,-0.038,0.999,0,0.169,-0.201,0.341,0.908,0.314,0.904,1.14,1.054,1.018,0.04,-0.336,0.129,-0.705,-0.242,-0.599,-0.551,-0.241,-0.511,0.031,-0.067,-0.347
351,0.785,1.194,-0.131,0.109,-0.086,0,0.902,-0.41,0.037,-0.222,0.166,0.823,0.332,0.958,1.202,1.119,1.288,0.314,-0.372,0.214,-0.411,-0.272,-0.504,-0.608,-0.025,-0.495,-0.013,0.017,-0.174
352,0.971,1.241,-0.086,0.222,-0.145,0,1.561,-0.012,0.222,-0.085,0.4,0.848,0.524,1.297,1.319,1.809,0.703,0.318,-0.172,0.139,-0.509,-0.065,-0.63,-0.549,-0.092,-0.485,0.159,0.348,-0.023
353,0.832,1.166,-0.044,0.201,-0.162,0,1.091,-0.065,0.545,-0.166,0.378,1.015,0.482,0.996,1.356,1.651,0.762,0.362,-0.231,0.098,-0.574,-0.117,-0.575,-0.511,-0.211,-0.422,0.06,0.11,-0.062
354,0.718,1.173,-0.045,-0.058,-0.287,0,0.901,-0.11,0.382,-0.229,0.161,0.76,0.486,0.8,1.241,1.359,0.997,0.166,-0.407,0.184,-0.472,-0.261,-0.457,-0.532,-0.135,-0.364,0.01,0.031,-0.064
355,0.585,1.023,-0.147,0.01,-0.207,-0.085,0.954,0,0.24,-0.298,0.061,0.546,0.364,0.61,1.092,1.526,0.9,0.08,-0.293,-0.025,-0.58,-0.168,-0.493,-0.614,-0.233,-0.516,-0.109,-0.154,-0.227
356,0.912,1.29,-0.004,0.138,-0.009,-0.028,1.524,0,0.492,-0.102,0.333,0.818,0.485,1.172,1.398,2.083,0.97,0.323,-0.041,0.279,-0.619,-0.176,-0.442,-0.411,-0.063,-0.445,0.239,0.192,0.062
357,0.732,1.099,0.021,0.118,-0.223,0,1.393,-0.018,0.388,-0.169,0.361,0.81,0.362,0.986,1.381,1.925,0.956,0.141,-0.119,0.187,-0.554,-0.093,-0.551,-0.251,-0.064,-0.41,-0.007,0.162,-0.053
358,0.727,1.055,-0.106,0.028,-0.06,-0.041,1.251,0,0.438,-0.139,0.21,0.767,0.414,0.946,1.41,1.841,0.806,0.179,-0.045,0.165,-0.529,-0.179,-0.541,-0.255,-0.04,-0.39,0.128,0.099,-0.045
359,0.518,0.833,-0.23,-0.057,-0.326,-0.195,0.899,0,0.249,-0.241,0.078,0.425,0.172,0.701,1.041,1.556,0.571,0.121,-0.225,-0.072,-0.657,-0.327,-0.684,-0.357,-0.212,-0.404,-0.179,0.049,-0.242
360,0.652,0.886,-0.139,0.005,-0.23,-0.179,1.095,0,0.383,-0.203,0.185,0.684,0.375,0.633,1.357,1.973,0.416,0.106,-0.095,0.113,-0.606,-0.159,-0.586,-0.2,-0.146,-0.48,-0.143,-0.149,-0.137
361,0.917,1.68,-0.048,0.307,0.143,-0.071,1.057,-0.235,0.924,0,0.208,0.882,0.677,1.211,1.996,2.507,2.198,0.541,-0.002,0.256,-0.551,0.054,-0.367,-0.195,-0.026,-0.198,0.301,0.316,0.203
362,0.912,1.052,-0.136,0.099,-0.135,-0.063,1.326,0,0.454,-0.081,0.297,0.904,0.549,1.042,1.814,2.569,0.911,0.302,0.095,0.197,-0.534,-0.102,-0.574,-0.163,-0.018,-0.571,0.063,0.315,0.119
363,0.79,0.865,-0.119,0.076,-0.288,-0.026,1.194,0,0.433,-0.05,0.319,0.722,0.374,0.972,1.696,2.479,0.731,0.287,0.063,0.367,-0.708,-0.198,-0.565,-0.119,-0.165,-0.382,0.007,0.184,-0.097
364,0.513,0.808,-0.195,-0.046,-0.298,-0.259,0.97,0,0.052,-0.222,0.085,0.506,0.379,0.721,1.078,2.094,0.418,0.044,-0.052,-0.014,-0.607,-0.248,-0.636,-0.234,-0.241,-0.472,0,0.063,-0.216
365,0.727,1.052,0.158,0.089,-0.219,-0.049,1.034,0,0.476,-0.074,0.136,0.904,0.424,0.936,1.51,2.285,0.976,0.309,0.08,0.131,-0.469,-0.248,-0.499,-0.385,-0.129,-0.467,0.005,-0.146,-0.229
366,0.935,1.449,0.354,0.395,-0.058,-0.013,1.741,-0.202,0.623,0,0.182,0.684,0.944,1.315,1.729,3.164,1.112,0.354,0.129,0.391,-0.664,0.069,-0.497,0.081,0.034,-0.39,0.166,0.28,0.199
367,0.8,1.015,0.26,0.185,-0.243,-0.009,1.389,0,0.489,-0.071,0.279,0.624,0.504,1.057,1.613,2.705,0.881,0.385,0.156,0.328,-0.531,-0.13,-0.636,0.024,-0.095,-0.457,-0.085,0.294,0.058
368,0.707,0.903,0.219,0.063,-0.209,-0.049,1.271,-0.082,0.534,0,0.298,0.852,0.542,0.975,1.507,2.658,0.826,0.154,0.09,0.173,-0.632,-0.069,-0.486,-0.071,-0.045,-0.472,-0.001,0.223,-0.11
369,0.672,1.015,0.337,0.261,-0.173,0,0.834,-0.368,0.401,-0.228,0.198,0.531,0.35,0.801,1.327,2.571,1.151,0.14,-0.096,0.119,-0.604,-0.253,-0.593,-0.274,-0.121,-0.471,-0.025,0.166,-0.206
370,0.591,0.561,0.312,-0.055,-0.349,-0.176,0.848,0,0.261,-0.273,0.098,0.465,0.244,0.513,1.034,2.268,0.31,-0.061,-0.067,0.065,-0.674,-0.36,-0.619,-0.22,-0.153,-0.429,-0.194,0.067,-0.122
371,0.735,0.92,0.467,0.346,-0.274,-0.071,1.059,0,0.394,-0.062,0.179,0.848,0.515,0.837,1.441,3.086,0.613,0.11,0.055,0.216,-0.679,-0.107,-0.464,0.065,0.143,-0.498,0.081,0.193,-0.209
372,0.61,0.982,0.536,0.119,-0.238,-0.122,1.19,0,0.265,-0.109,0.319,0.684,0.349,0.753,1.492,3.06,0.828,0.321,0.068,0.361,-0.571,-0.101,-0.558,0.026,-0.121,-0.456,0.021,0.257,-0.038
373,0.674,1.199,0.837,0.259,-0.235,-0.04,1.042,-0.017,0.538,0,0.234,0.757,0.376,0.906,2.121,2.82,1.309,0.237,0.044,0.349,-0.446,0.083,-0.49,0.058,0.063,-0.397,0.035,0.038,-0.101
374,0.277,0.487,0.366,0.154,-0.343,-0.287,0.643,0,0.197,-0.281,-0.097,0.37,0.155,0.646,1.075,2.272,0.668,-0.015,-0.227,-0.064,-0.66,-0.307,-0.66,-0.29,-0.223,-0.619,-0.245,0.017,-0.264
375,0.301,0.45,0.43,0.06,-0.49,-0.323,0.673,0.248,0,-0.242,-0.103,0.252,-0.007,0.614,0.748,1.932,0.323,0.031,-0.097,-0.082,-0.776,-0.358,-0.657,-0.143,-0.186,-0.512,-0.168,0.031,-0.353
376,0.268,0.443,0.493,0.047,-0.382,-0.275,0.598,0.181,0,-0.453,-0.064,0.284,0.147,0.55,0.948,2,0.549,-0.016,-0.094,-0.013,-0.639,-0.452,-0.641,-0.319,-0.181,-0.541,-0.203,-0.088,-0.208
377,0.26,0.522,0.484,0.24,-0.436,-0.373,0.509,0.053,0,-0.264,-0.28,0.094,-0.083,0.335,0.998,1.81,0.594,-0.035,-0.168,-0.072,-0.814,-0.267,-0.676,-0.3,-0.26,-0.645,-0.205,-0.355,-0.415
378,0.139,0.436,0.488,0.314,-0.433,-0.299,0.454,0.323,0,-0.282,-0.105,0.238,-0.012,0.397,0.961,1.6,0.459,0.131,-0.35,-0.03,-0.794,-0.39,-0.669,-0.227,-0.419,-0.52,-0.272,-0.276,-0.295
379,0.071,0.346,0.426,0.15,-0.362,-0.361,0.465,0.349,0,-0.254,0.046,0.167,-0.077,0.266,0.685,1.702,0.393,-0.051,-0.345,-0.181,-0.748,-0.401,-0.668,-0.282,-0.27,-0.534,-0.275,-0.096,-0.399
380,0.192,0.363,0.416,-0.003,-0.462,-0.428,0.43,0.428,0,-0.274,-0.059,0.244,-0.06,0.37,0.666,1.842,0.113,-0.128,-0.291,-0.135,-0.73,-0.433,-0.687,-0.15,-0.381,-0.59,-0.278,-0.191,-0.391
381,0.615,1.093,1.046,1,0.127,-0.138,0.993,0,0.387,-0.266,-0.182,0.57,0.404,1.256,2.289,2.502,1.403,0.477,0.091,0.486,-0.394,0.176,-0.376,0.387,-0.056,-0.476,0.112,0.208,-0.156
382,0.2,0.457,0.288,0.248,-0.444,-0.373,0.384,0.358,0,-0.319,-0.206,0.058,-0.006,0.339,0.677,1.589,0.373,-0.019,-0.242,0.051,-0.678,-0.462,-0.684,-0.189,-0.355,-0.662,-0.286,-0.237,-0.272
383,0.002,0.18,0.475,0.15,-0.472,-0.412,0.376,0.518,0,-0.371,-0.12,0.048,-0.075,0.3,0.749,1.485,0.374,-0.021,-0.291,-0.022,-0.615,-0.396,-0.627,-0.27,-0.3,-0.653,-0.382,-0.099,-0.298
384,0.061,0.136,0.101,-0.097,-0.44,-0.492,0.275,0.676,0,-0.35,-0.267,0.152,-0.133,0.102,0.87,1.242,0.158,-0.218,-0.362,-0.208,-0.831,-0.465,-0.726,-0.435,-0.342,-0.68,-0.299,-0.3,-0.479
385,0.321,0.655,0.852,0.969,-0.379,-0.258,0.675,0.758,0,-0.174,-0.019,0.507,0.159,0.607,1.157,2.521,0.637,0.128,-0.101,0.216,-0.541,-0.216,-0.506,-0.207,0.009,-0.486,-0.088,0.191,-0.044
386,0.074,0.401,0.379,0.28,-0.454,-0.379,0.439,0.88,0,-0.181,-0.175,0.091,0.06,0.248,0.762,1.808,0.086,-0.06,-0.258,0.019,-0.714,-0.297,-0.644,-0.227,-0.294,-0.683,-0.305,-0.071,-0.35
387,0.174,0.33,0.601,0.55,-0.327,-0.212,0.736,1.113,0,-0.175,-0.054,0.186,0.088,0.394,0.788,2.161,0.49,0.217,-0.135,0.184,-0.673,-0.28,-0.569,-0.181,-0.224,-0.565,-0.183,0.07,-0.303
388,-0.166,0.014,0.077,-0.135,-0.516,-0.536,0.069,0.655,0,-0.406,-0.378,0.205,-0.292,0.044,0.609,0.938,0.223,-0.232,-0.449,-0.267,-0.818,-0.489,-0.677,-0.578,-0.443,-0.661,-0.316,-0.283,-0.516
389,0.015,0.481,0.476,1.059,-0.275,-0.404,0.481,0.052,0,-0.325,-0.229,0.041,0.097,0.34,0.901,1.875,0.643,-0.062,-0.222,0.138,-0.477,-0.32,-0.6,-0.25,-0.147,-0.495,-0.205,-0.047,-0.235
390,0.016,0.361,0.429,0.654,-0.359,-0.261,0.458,0.848,0,-0.25,-0.26,0.315,-0.078,0.421,0.755,1.825,0.217,0.044,-0.246,0.04,-0.695,-0.271,-0.627,-0.132,-0.285,-0.497,-0.102,-0.046,-0.172
391,0.088,0.204,0.405,0.467,-0.438,-0.284,0.665,1.134,0,-0.176,0.055,0.314,-0.019,0.341,0.594,1.831,0.057,-0.035,-0.236,0.053,-0.686,-0.319,-0.635,-0.272,-0.176,-0.622,-0.311,0.084,-0.192
392,0.125,0.302,0.382,0.4,-0.453,-0.318,0.481,1.118,0,-0.311,-0.291,0.197,-0.059,0.517,0.759,1.761,0.171,0.003,-0.162,-0.046,-0.679,-0.343,-0.6,-0.402,-0.279,-0.624,-0.29,-0.219,-0.164
393,0.233,0.593,0.691,1.086,-0.25,-0.359,0.467,0.488,0,-0.098,-0.071,0.292,-0.002,0.684,1.34,1.828,0.971,0.214,-0.117,0.184,-0.57,-0.177,-0.419,-0.265,-0.034,-0.555,0.04,0.145,-0.17
394,0.149,0.577,0.555,0.741,-0.284,-0.161,0.415,0.582,0,-0.298,-0.242,0.198,0.108,0.663,1.104,2.129,0.645,0.127,-0.147,0.093,-0.379,-0.33,-0.496,-0.132,-0.103,-0.576,-0.147,0.192,-0.071
395,0.089,0.235,0.551,0.504,-0.321,-0.299,0.59,1.305,0,-0.257,-0.099,0.262,0.108,0.543,0.712,1.995,0.303,0.037,-0.17,0.066,-0.573,-0.285,-0.627,-0.138,-0.236,-0.536,-0.161,0.125,-0.232
396,0.104,0.389,0.496,0.547,-0.34,-0.315,0.492,1.3,0,-0.131,-0.186,0.344,0.196,0.477,0.842,1.856,0.277,0.064,-0.163,0.098,-0.692,-0.262,-0.629,-0.211,-0.176,-0.613,-0.127,0.202,-0.238
397,0.192,0.385,0.583,0.561,-0.325,-0.247,0.655,1.59,0,-0.204,-0.081,0.427,0.012,0.56,0.915,1.88,0.299,0.232,-0.053,0.066,-0.723,-0.298,-0.644,-0.316,-0.155,-0.48,-0.104,0.036,-0.235
398,0.113,0.375,0.466,0.535,-0.378,-0.393,0.191,0.56,0,-0.228,-0.364,-0.009,-0.098,0.261,0.681,1.484,0.452,0.012,-0.272,0.021,-0.7,-0.382,-0.619,-0.289,-0.268,-0.55,-0.075,0.082,-0.323
399,0.173,0.491,0.56,0.738,-0.198,-0.21,0.603,1.231,0,-0.16,-0.05,0.294,0.066,0.385,0.861,2.11,0.503,0.187,-0.127,0.289,-0.494,-0.24,-0.585,-0.078,-0.091,-0.599,-0.038,0.306,-0.038
400,0.244,0.546,0.685,0.694,-0.089,-0.29,0.578,1.13,0,-0.121,-0.254,0.312,0.145,0.639,1.093,1.999,0.481,0.266,-0.106,0.198,-0.67,-0.176,-0.559,-0.179,-0.005,-0.562,0.133,0.257,-0.149
401,0.051,0.072,0.338,0.317,-0.437,-0.413,0.22,1.108,0,-0.153,-0.214,0.084,-0.06,0.282,0.537,1.606,-0.021,0.028,-0.258,0.009,-0.638,-0.446,-0.617,-0.169,-0.24,-0.709,-0.164,0.074,-0.296
402,0.015,0.295,0.477,0.355,-0.418,-0.452,0.511,0.986,0,-0.179,-0.355,0.202,0.013,0.444,0.63,1.759,0.33,0.043,-0.212,0.024,-0.742,-0.431,-0.643,-0.196,-0.144,-0.63,0.044,0.179,-0.225
403,0.196,0.51,0.583,0.878,-0.322,-0.289,0.268,1.089,-0.111,0,-0.149,0.179,-0.027,0.441,0.871,1.595,0.523,0.071,-0.267,0.124,-0.624,-0.315,-0.51,-0.197,-0.071,-0.452,-0.167,0.045,-0.295
404,0.165,0.431,0.576,0.723,-0.166,-0.183,0.509,1.027,0,-0.143,-0.082,0.383,0.03,0.52,0.732,2.13,0.345,0.207,-0.158,0.086,-0.618,-0.174,-0.552,-0.067,-0.067,-0.635,-0.097,0.164,-0.155
405,0.085,0.244,0.288,0.495,-0.324,-0.392,0.34,1.118,0,-0.22,-0.242,0.043,-0.099,0.281,0.629,1.751,0.262,-0.003,-0.294,0.026,-0.662,-0.358,-0.593,-0.197,-0.155,-0.568,-0.272,0.105,-0.306
406,0.256,0.611,0.788,0.926,-0.227,-0.204,0.448,1.209,0,-0.029,-0.08,0.354,0.146,0.679,1.007,2.109,0.796,0.193,-0.007,0.053,-0.719,-0.188,-0.516,-0.105,0.046,-0.472,0.063,0.208,-0.231
407,-0.166,0.089,0.1,0.116,-0.44,-0.257,0.28,0.865,0,-0.352,-0.445,0.056,-0.267,-0.03,0.39,1.266,-0.019,-0.072,-0.262,-0.194,-0.78,-0.462,-0.677,-0.292,0.002,-0.667,-0.429,0.063,-0.278
408,0.113,0.405,0.465,0.543,-0.293,-0.293,0.478,1.174,-0.116,0,-0.174,0.086,0.019,0.43,0.824,1.902,0.424,0.109,-0.207,0.179,-0.728,-0.267,-0.657,-0.131,0.038,-0.565,-0.027,0.133,-0.16
409,-0.031,0.05,0.198,0.073,-0.45,-0.425,0.346,1.178,0,-0.252,-0.361,0.161,-0.116,0.123,0.632,1.156,0.119,-0.125,-0.335,-0.148,-0.709,-0.332,-0.677,-0.427,-0.245,-0.481,-0.242,-0.135,-0.362
410,0.252,0.474,0.446,0.892,-0.272,-0.278,0.452,0.547,0,-0.108,-0.052,0.263,0.149,0.501,0.655,2.132,0.532,0.102,-0.093,0.138,-0.501,-0.224,-0.415,0.065,-0.167,-0.441,0.002,0.229,-0.294
411,0.154,0.422,0.407,0.382,-0.285,-0.186,0.424,1.369,0,-0.18,-0.167,0.201,0.059,0.362,0.654,1.788,0.062,-0.006,-0.104,0.179,-0.693,-0.237,-0.522,-0.146,-0.007,-0.496,-0.039,0.35,-0.162
412,0.093,0.256,0.541,0.512,-0.254,-0.294,0.442,1.139,0,-0.096,-0.117,0.196,0.027,0.524,0.782,1.986,0.44,0.12,-0.048,0.192,-0.704,-0.257,-0.572,0.017,-0.033,-0.512,-0.144,0.204,-0.145
413,0.063,0.212,0.265,0.473,-0.288,-0.374,0.328,1.284,0,-0.187,-0.121,0.215,0.117,0.406,0.54,1.457,0.182,-0.05,-0.247,0.061,-0.632,-0.253,-0.597,-0.167,-0.047,-0.579,-0.24,0.064,-0.232
414,0.054,0.295,0.398,0.446,-0.273,-0.204,0.169,0.959,0,-0.144,-0.278,0.278,-0.023,0.374,0.649,1.466,0.385,-0.068,-0.255,-0.048,-0.684,-0.304,-0.642,-0.397,0.027,-0.539,-0.123,-0.084,-0.281
415,0.046,0.658,0.601,0.795,-0.285,-0.178,0.336,0,-0.06,0.14,-0.207,0.251,0.242,0.433,0.744,2.05,0.694,0.069,-0.159,0.151,-0.499,-0.159,-0.445,-0.135,0.037,-0.454,0.071,0.267,-0.11
416,0.124,0.309,0.584,0.482,-0.177,-0.163,0.575,1.757,0,-0.063,0.077,0.461,0.333,0.583,0.8,1.981,0.356,0.126,-0.144,0.221,-0.689,-0.163,-0.562,-0.115,0.075,-0.433,-0.043,0.383,-0.187
417,0.097,0.373,0.551,0.601,-0.224,0,0.466,1.265,-0.027,-0.029,-0.043,0.425,0.209,0.443,0.72,2.252,0.526,0.158,0.004,0.303,-0.42,-0.186,-0.617,-0.03,0.14,-0.406,-0.08,0.387,-0.031
418,0.093,0.631,0.552,0.804,-0.194,-0.057,0.503,1.15,-0.06,0,-0.123,0.522,0.052,0.557,0.887,1.668,0.664,0.173,-0.015,0.171,-0.609,-0.061,-0.496,-0.23,0.036,-0.499,-0.022,0.155,-0.133
419,-0.011,0.285,0.323,0.37,-0.374,-0.138,0.279,1.134,0,-0.272,-0.262,0.293,0.148,0.307,0.566,1.525,0.237,-0.038,-0.202,0.128,-0.705,-0.235,-0.625,-0.273,-0.132,-0.456,-0.173,0.259,-0.261
420,0.152,0.386,0.605,0.548,-0.248,0,0.54,1.445,-0.078,-0.144,-0.196,0.411,0.315,0.503,0.647,2.158,0.328,0.07,-0.213,0.282,-0.549,-0.278,-0.567,-0.11,0.077,-0.485,0.054,0.401,-0.044
421,0.031,0.298,0.498,0.463,-0.2,0,0.347,1.426,-0.035,-0.052,-0.084,0.446,0.081,0.526,0.752,1.694,0.349,0.176,-0.109,0.122,-0.621,-0.259,-0.594,-0.113,0.077,-0.425,0.023,0.185,-0.068
422,-0.02,0.268,0.295,-0.095,-0.439,-0.119,0.035,1.385,0,-0.243,-0.264,-0.005,-0.024,0.244,0.672,1.002,0.317,-0.103,-0.347,0.029,-0.707,-0.4,-0.616,-0.416,-0.107,-0.612,-0.292,-0.079,-0.265
423,0.034,0.352,0.507,0.681,-0.223,0,0.4,0.958,-0.063,-0.092,-0.089,0.09,0.284,0.564,0.724,1.527,0.569,0.176,-0.097,0.373,-0.725,-0.189,-0.445,-0.204,-0.079,-0.451,-0.15,0.222,-0.078
424,0.002,0.331,0.38,0.287,-0.246,-0.042,0.508,1.295,0,-0.122,-0.067,0.251,0.143,0.307,0.622,1.782,0.39,0.098,-0.099,0.132,-0.622,-0.246,-0.551,-0.15,0.061,-0.404,-0.067,0.138,-0.19
425,-0.054,0.198,0.259,0.349,-0.331,0,0.141,0.926,-0.181,-0.177,-0.083,0.188,0.077,0.06,0.359,1.48,0.037,-0.065,-0.262,0.046,-0.647,-0.385,-0.558,-0.381,-0.048,-0.412,-0.193,0.128,-0.273
426,0.038,0.364,0.482,0.431,-0.133,0,0.506,1.187,-0.062,-0.117,0.028,0.364,0.359,0.545,0.704,1.648,0.364,0.111,-0.032,0.345,-0.675,-0.124,-0.52,-0.198,0.111,-0.473,-0.101,0.266,-0.051
427,-0.045,0.305,0.422,0.128,-0.327,-0.138,0.004,0.991,0,-0.302,-0.292,0.204,0.115,0.278,0.71,1.481,0.32,-0.017,-0.317,0.212,-0.65,-0.362,-0.522,-0.631,-0.078,-0.546,-0.251,-0.097,-0.359
428,0.004,0.423,0.412,0.828,-0.032,-0.066,0.52,0.617,-0.122,0,-0.192,0.222,0.364,0.61,0.66,1.602,0.58,0.259,-0.072,0.552,-0.712,-0.186,-0.549,0.033,0.196,-0.457,-0.134,0.43,-0.381
429,0.071,0.445,0.557,0.416,-0.181,0,0.519,1.313,-0.069,-0.022,-0.06,0.349,0.223,0.647,0.728,1.856,0.349,0.387,-0.089,0.459,-0.589,-0.27,-0.579,0.03,0.227,-0.439,-0.173,0.298,-0.035
430,-0.036,0.134,0.166,0.216,-0.35,-0.043,0.434,1.126,0,-0.171,-0.236,0.232,0.116,0.302,0.772,1.232,0.248,0.031,-0.279,0.148,-0.714,-0.259,-0.493,-0.443,-0.129,-0.389,-0.043,0.006,-0.352
431,-0.023,0.384,0.344,0.746,-0.207,-0.204,0.382,0.133,-0.366,0,-0.175,0.05,0.252,0.364,0.621,1.514,0.577,0.149,-0.149,0.328,-0.508,-0.212,-0.443,0.063,0.128,-0.566,0.046,0.272,-0.07
432,0.006,0.365,0.319,0.431,-0.165,0,0.474,1.008,-0.102,-0.088,-0.208,0.177,0.349,0.514,0.655,1.657,0.281,0.167,-0.104,0.363,-0.574,-0.235,-0.501,-0.123,-0.009,-0.554,-0.145,0.285,0.022
433,0.081,0.339,0.385,0.444,-0.213,-0.069,0.519,1.018,-0.121,0,-0.165,0.445,0.239,0.526,0.59,1.611,0.327,0.354,-0.079,0.34,-0.694,-0.112,-0.479,-0.108,0.174,-0.358,0.079,0.345,-0.05
434,0.053,0.298,0.52,0.605,-0.348,-0.026,0.237,0.919,-0.067,0,-0.182,0.33,0.22,0.415,0.572,1.437,0.736,0.07,-0.134,0.247,-0.562,-0.379,-0.415,-0.197,0.013,-0.421,-0.087,0.094,-0.23
435,-0.036,0.312,0.349,0.467,-0.298,-0.048,0.341,0.832,-0.131,0,-0.133,0.182,0.349,0.407,0.639,1.626,0.458,0.293,-0.094,0.398,-0.512,-0.205,-0.47,-0.111,0.12,-0.406,0.028,0.195,-0.196
436,0.053,0.387,0.387,0.338,-0.211,-0.006,0.436,1.257,0,-0.186,-0.252,0.274,0.26,0.313,0.457,1.637,0.265,0.229,-0.068,0.272,-0.694,-0.29,-0.426,0.094,0.088,-0.436,-0.063,0.442,-0.109
437,0.029,0.329,0.326,0.347,-0.283,0,0.276,1.159,-0.079,-0.112,-0.297,0.065,0.267,0.453,0.612,1.383,0.345,0.402,-0.143,0.273,-0.553,-0.309,-0.519,-0.232,0.174,-0.562,-0.064,0.247,-0.216
438,0.147,0.412,0.537,0.511,-0.239,0,0.501,0.663,-0.218,-0.054,-0.003,0.271,0.579,0.482,0.88,1.809,0.533,0.581,0.121,0.412,-0.687,-0.093,-0.394,-0.069,0.176,-0.41,0.039,0.627,-0.003
439,-0.091,0.35,0.225,0.375,-0.23,0,0.344,0.828,-0.188,-0.169,-0.162,0.24,0.313,0.51,0.401,1.507,0.423,0.373,-0.225,0.335,-0.679,-0.194,-0.457,-0.183,-0.018,-0.405,-0.058,0.335,-0.233
440,0.197,0.567,0.554,0.777,-0.159,0,0.361,0.204,-0.067,-0.007,-0.035,0.336,0.414,0.503,0.763,1.836,0.627,0.469,-0.042,0.416,-0.5,-0.132,-0.401,-0.373,0.183,-0.332,0.219,0.509,-0.236
441,0.037,0.166,0.421,0.43,-0.246,0,0.25,1.183,-0.169,-0.026,-0.141,0.082,0.292,0.327,0.647,1.73,0.229,0.638,-0.221,0.306,-0.617,-0.263,-0.495,0.032,0.095,-0.363,-0.018,0.49,-0.172
442,-0.068,0.468,0.223,0.391,-0.314,0,0.334,0.952,-0.046,-0.005,-0.096,0.132,0.441,0.39,0.667,1.795,0.427,0.426,-0.158,0.378,-0.576,-0.233,-0.525,-0.05,0.051,-0.375,-0.05,0.453,-0.205
443,-0.072,0.439,0.538,0.394,-0.26,0,0.457,0.497,-0.035,-0.105,0.008,0.391,0.243,0.36,0.667,1.645,0.521,0.627,-0.203,0.419,-0.551,-0.193,-0.457,-0.128,0.186,-0.416,-0.065,0.484,-0.151
444,0.019,0.397,0.328,0.423,-0.146,-0.105,0.323,1.13,-0.053,0,-0.112,0.392,0.185,0.409,0.703,1.628,0.179,0.474,-0.282,0.208,-0.486,-0.232,-0.454,-0.245,0.172,-0.395,0.028,0.489,-0.114
445,-0.05,-0.007,0.248,-0.055,-0.316,-0.07,0.337,1.13,0,-0.189,-0.183,0.194,0.062,0.282,0.717,1.16,0.17,0.437,-0.183,0.262,-0.682,-0.322,-0.487,-0.342,0.019,-0.412,-0.061,0.151,-0.354
446,0.18,0.395,0.506,0.475,-0.104,-0.056,0.573,0.952,0,-0.01,-0.027,0.277,0.453,0.456,0.799,1.751,0.295,0.725,-0.028,0.3,-0.626,-0.179,-0.481,-0.141,0.162,-0.427,0.034,0.569,-0.003
447,0.114,0.461,0.286,0.52,0.026,0,0.48,1.198,-0.084,-0.153,-0.108,0.334,0.299,0.576,0.715,1.599,0.388,0.42,-0.044,0.493,-0.497,-0.223,-0.564,-0.005,0.046,-0.418,0.051,0.61,-0.058
448,-0.003,0.272,0.132,0.442,-0.219,-0.201,0.176,0.706,-0.163,0,-0.158,0.385,0.078,0.315,0.582,1.184,0.455,0.605,-0.307,0.186,-0.634,-0.286,-0.488,-0.399,-0.009,-0.569,-0.119,0.32,-0.276
449,-0.008,0.344,0.298,0.482,-0.162,-0.073,0.234,0.802,0,-0.147,-0.087,0.298,0.223,0.198,0.648,1.219,0.233,0.433,-0.214,0.217,-0.66,-0.208,-0.442,-0.354,0.006,-0.421,-0.177,0.322,-0.175
450,-0.028,0.315,0.216,0.283,-0.204,-0.224,0.286,0.561,-0.174,0,-0.109,0.343,0.325,0.309,0.755,1.706,0.288,0.463,-0.144,0.311,-0.716,-0.22,-0.457,-0.257,0.015,-0.485,-0.079,0.3,-0.261
451,0.003,0.324,0.537,0.332,-0.125,-0.053,0.465,1.134,-0.1,0,-0.217,0.476,0.406,0.365,0.764,1.726,0.241,0.66,-0.01,0.246,-0.532,-0.266,-0.505,-0.02,0.086,-0.398,-0.007,0.675,-0.038
452,0.141,0.541,0.428,0.634,-0.218,-0.008,0.319,0.48,-0.124,0,-0.037,0.349,0.347,0.648,0.888,1.302,0.322,0.794,-0.147,0.437,-0.572,-0.211,-0.491,-0.176,0.103,-0.276,-0.009,0.658,-0.144
453,-0.004,0.371,0.403,0.6,-0.115,0,0.435,0.922,-0.006,-0.033,-0.107,0.446,0.228,0.591,0.65,1.949,0.479,0.678,0.019,0.43,-0.623,-0.067,-0.397,-0.042,0.215,-0.356,-0.033,0.677,-0.122
454,0.044,0.436,0.263,0.311,-0.154,0,0.236,0.903,-0.107,-0.063,-0.02,0.276,0.276,0.493,0.761,1.462,0.194,0.502,0.048,0.468,-0.601,-0.17,-0.496,-0.232,0.035,-0.417,0.046,0.35,-0.022
455,0.016,0.206,0.142,0.202,-0.317,-0.02,0.397,1.179,0,-0.154,-0.269,0.058,0.067,0.422,0.56,1.132,0.448,0.542,-0.182,0.454,-0.627,-0.245,-0.443,-0.45,-0.004,-0.509,0,0.09,-0.167
456,-0.045,0.603,0.371,0.498,-0.107,-0.016,0.378,0.838,0,-0.005,-0.033,0.316,0.14,0.473,0.59,1.601,0.473,0.521,-0.009,0.471,-0.611,-0.117,-0.328,-0.113,0.154,-0.376,0.074,0.561,-0.159
457,0.012,0.422,0.449,0.511,0.001,-0.017,0.336,0.688,-0.043,0,0.063,0.277,0.45,0.478,0.651,1.743,0.805,0.548,-0.129,0.493,-0.603,-0.107,-0.523,-0.121,0.073,-0.41,0.047,0.559,0.011
458,-0.097,0.32,0.309,0.361,-0.253,0,0.38,1.012,-0.063,-0.023,-0.13,0.173,0.347,0.346,0.593,1.53,0.274,0.344,-0.036,0.396,-0.631,-0.322,-0.411,-0.151,0.098,-0.395,0.148,0.38,-0.226
459,-0.053,0.318,0.2,0.175,-0.276,-0.021,0.201,0.686,-0.103,0,-0.211,0.171,0.182,0.496,0.537,1.16,0.385,0.509,-0.213,0.311,-0.606,-0.25,-0.387,-0.405,0.006,-0.503,-0.091,0.184,-0.174
460,-0.038,0.504,0.302,0.264,-0.209,-0.101,0.342,0.335,-0.016,0,-0.152,0.336,0.19,0.279,0.661,1.412,0.479,0.271,-0.288,0.32,-0.658,-0.153,-0.462,-0.057,0.027,-0.457,-0.075,0.437,-0.293
461,0.008,0.445,0.41,0.385,-0.138,-0.002,0.4,0.854,-0.007,0,-0.084,0.357,0.112,0.54,0.638,1.348,0.516,0.47,0.098,0.529,-0.504,-0.217,-0.389,-0.082,0.166,-0.421,0.063,0.647,-0.14
462,0.035,0.389,0.34,0.285,-0.193,-0.05,0.211,0.658,-0.14,0,-0.144,0.088,0.179,0.446,0.574,1.474,0.362,0.589,-0.093,0.314,-0.648,-0.135,-0.427,-0.01,0.224,-0.395,0.19,0.486,-0.105
463,-0.243,0.383,0.277,0.247,-0.306,-0.151,0.066,0.592,0,-0.132,-0.174,-0.019,-0.01,0.122,0.558,0.931,0.44,0.385,-0.269,0.159,-0.743,-0.339,-0.5,-0.39,-0.059,-0.509,-0.147,0.076,-0.169
464,-0.117,0.23,0.166,0.301,-0.209,-0.071,0.171,0.598,-0.147,0,0.001,0.155,0.099,0.237,0.548,0.981,0.124,0.408,-0.235,0.226,-0.652,-0.305,-0.467,-0.564,0.147,-0.478,-0.175,0.071,-0.363
465,-0.126,0.353,0.217,0.235,-0.324,-0.128,0.189,0.773,-0.115,0,-0.103,0.208,0.13,0.342,0.418,1.456,0.258,0.289,-0.186,0.199,-0.478,-0.28,-0.455,-0.175,0.096,-0.436,-0.13,0.27,-0.242
466,-0.02,0.413,0.057,0.276,-0.149,-0.072,0.333,0.652,-0.176,0,0.044,0.248,0.376,0.345,0.394,1.504,0.285,0.364,-0.117,0.31,-0.631,-0.17,-0.588,-0.207,0.156,-0.554,-0.078,0.562,-0.159
467,-0.208,0.247,0.084,0.254,-0.268,-0.121,0.172,0.526,-0.329,0,-0.112,0.096,0.221,0.196,0.405,1.049,0.228,0.251,-0.298,0.122,-0.674,-0.246,-0.468,-0.271,0.016,-0.613,-0.126,0.115,-0.396
468,-0.143,0.892,0.307,0.391,-0.268,-0.163,0.015,0.295,-0.253,0,-0.466,0.402,0.068,0.438,0.847,1.165,0.378,0.319,-0.249,0.198,-0.649,-0.267,-0.501,-0.557,-0.027,-0.507,-0.017,0.128,-0.174
469,-0.179,0.637,0.134,0.391,-0.338,-0.235,0.222,0.399,-0.177,0,-0.204,0.12,0.177,0.431,0.483,1.152,0.267,0.333,-0.116,0.186,-0.574,-0.318,-0.463,-0.31,0.027,-0.436,-0.1,0.331,-0.161
470,-0.119,0.842,0.121,0.238,-0.186,-0.033,0.276,0.785,0,-0.04,-0.018,0.117,0.191,0.321,0.752,1.139,0.253,0.573,-0.116,0.289,-0.641,-0.125,-0.519,-0.281,0.12,-0.401,-0.15,0.575,-0.046
471,-0.183,0.659,0.208,0.234,-0.096,-0.081,0.149,0.696,-0.247,0,-0.29,0.131,0.228,0.21,0.569,1.234,0.245,0.272,-0.167,0.332,-0.743,-0.113,-0.538,-0.25,0.09,-0.566,-0.118,0.334,-0.265
472,-0.146,0.924,0.093,0.314,-0.356,-0.237,0.113,0.051,-0.265,0,-0.269,0.167,-0.003,0.327,0.545,0.886,0.41,0.362,-0.2,0.22,-0.67,-0.282,-0.509,-0.556,0.018,-0.444,0.032,0.057,-0.254
473,-0.263,0.866,0.063,0.351,-0.352,-0.179,0,0.217,-0.355,0.008,-0.247,0.087,-0.013,0.141,0.5,0.977,0.136,0.074,-0.251,0.199,-0.624,-0.238,-0.383,-0.389,0.047,-0.375,-0.172,0.228,-0.436
474,-0.232,0.762,0.081,0.185,-0.353,-0.264,0.081,0.307,-0.045,0,-0.27,0.077,0.082,0.37,0.364,0.973,0.129,0.179,-0.199,0.153,-0.584,-0.459,-0.492,-0.359,0.068,-0.562,-0.085,0.237,-0.385
475,-0.135,1.091,0.164,0.11,-0.224,-0.155,0.059,0.456,-0.188,0,-0.158,0.134,0.222,0.133,0.391,1.142,0.042,0.173,-0.092,0.254,-0.62,-0.284,-0.537,-0.4,0.039,-0.495,-0.08,0.132,-0.246
476,-0.15,1.13,0.288,0.329,-0.302,-0.102,0.084,0.9,-0.09,0,-0.346,0.24,0.221,0.288,0.735,1.049,0.308,0.343,-0.202,0.423,-0.669,-0.222,-0.454,-0.337,0.01,-0.573,0.012,0.388,-0.221
477,-0.111,1.317,0.161,0.379,-0.311,-0.079,0.173,0.829,-0.023,0,-0.145,0.228,0.231,0.28,0.413,1.394,0.179,0.314,-0.183,0.4,-0.653,-0.31,-0.478,-0.253,0.119,-0.497,0.09,0.391,-0.058
478,-0.087,0.967,0.149,0.032,-0.35,0,0.13,1.351,-0.117,-0.084,-0.058,0.353,0.383,0.447,0.699,0.949,0.313,0.403,-0.065,0.423,-0.342,-0.252,-0.503,-0.243,0.06,-0.54,-0.053,0.187,-0.228
479,-0.124,1.584,0.275,0.495,-0.167,-0.078,0.259,0.148,-0.159,0,-0.213,0.263,0.332,0.403,0.54,1.37,0.688,0.581,-0.003,0.555,-0.511,-0.093,-0.418,-0.127,0.353,-0.46,0.088,0.465,-0.054
480,-0.093,1.241,0.267,0.384,-0.228,-0.118,0.138,0.14,-0.204,0,-0.081,0.137,0.289,0.277,0.387,0.982,0.26,0.276,-0.195,0.333,-0.567,-0.121,-0.535,-0.512,0.005,-0.429,-0.09,0.349,-0.311
481,0.168,2.473,0.396,0.618,-0.01,0,0.252,-0.514,-0.26,0.462,0.147,0.266,0.758,0.94,1.097,1.798,1.12,0.971,0.214,0.867,-0.61,0.202,-0.194,-0.091,0.281,-0.17,0.137,0.948,0.193
482,-0.114,1.455,0.124,0.267,-0.275,-0.164,0.094,0.291,-0.298,0,0.071,0.161,0.204,0.438,0.523,1.265,0.168,0.464,-0.061,0.373,-0.599,-0.231,-0.439,-0.119,0.212,-0.439,0.017,0.412,0.032
483,-0.241,0.954,0.134,0.204,-0.264,-0.301,0.297,0.373,-0.303,0,-0.167,-0.056,0.148,0.392,0.319,0.967,0.18,0.467,-0.044,0.244,-0.492,-0.137,-0.48,-0.214,0.041,-0.522,0.047,0.252,-0.036
484,-0.141,1.367,0.219,0.301,-0.277,-0.193,0,0.022,-0.327,0.03,0.058,0.252,0.076,0.343,0.676,0.649,0.332,0.613,-0.177,0.367,-0.627,-0.237,-0.452,-0.431,0.108,-0.352,-0.08,0.036,-0.241
485,-0.028,1.512,0.247,0.346,-0.145,-0.048,0.304,0.268,-0.07,0,0.197,0.108,0.467,0.48,0.689,1.31,0.65,0.606,0.002,0.597,-0.423,-0.106,-0.372,-0.236,0.288,-0.345,0.203,0.446,-0.04
486,-0.253,1.007,0.045,0.287,-0.316,-0.272,0.114,0.403,-0.36,0,-0.134,-0.124,0.076,0.144,0.346,1.073,0.095,0.179,-0.188,0.215,-0.692,-0.265,-0.438,-0.293,-0.037,-0.336,0.014,0.144,-0.18
487,-0.132,1.335,0.089,0.247,-0.102,-0.072,0.106,0.309,-0.314,0,-0.101,0.125,0.325,0.172,0.582,0.83,0.314,0.553,-0.062,0.392,-0.587,-0.183,-0.413,-0.252,0.083,-0.445,0.089,0.371,-0.004
488,-0.173,1.427,0.258,0.572,-0.174,-0.085,0.098,0,-0.153,0.163,0.076,0.196,0.342,0.656,0.688,1.025,0.487,0.604,-0.156,0.522,-0.495,-0.154,-0.369,-0.431,0.215,-0.363,-0.02,0.208,-0.172
489,-0.312,0.881,0.079,0.15,-0.206,-0.266,0.172,0.126,-0.322,0,-0.059,-0.026,0.076,0.419,0.27,0.942,0.178,-0.048,-0.111,0.249,-0.607,-0.231,-0.384,-0.218,0.106,-0.411,-0.233,0.244,-0.222
490,-0.153,0.808,-0.03,0.186,-0.36,-0.209,0.283,0.609,-0.21,0,-0.166,0.121,0.055,0.306,0.141,0.856,-0.054,0.222,-0.055,0.32,-0.587,-0.25,-0.562,-0.094,0.148,-0.322,-0.164,0.157,-0.24
491,-0.26,0.86,0.035,0.097,-0.217,-0.129,0.126,0.23,-0.263,0,-0.15,0.189,0.198,0.602,0.312,1.161,0.066,0.261,-0.127,0.187,-0.556,-0.216,-0.508,-0.22,0.216,-0.457,-0.122,0.259,-0.175
492,-0.181,1.236,0.298,0.299,-0.053,0,0.07,0.75,-0.145,-0.011,-0.002,-0.001,0.103,0.799,0.628,0.933,0.447,0.46,-0.106,0.442,-0.62,-0.138,-0.312,-0.173,0.417,-0.101,0.057,0.318,-0.08
493,-0.369,0.753,-0.047,0.235,-0.314,-0.316,0.035,0.045,-0.443,0,-0.033,0.048,0.084,0.611,0.288,0.615,0.128,0.214,-0.207,0.209,-0.748,-0.319,-0.525,-0.399,0.11,-0.322,-0.218,0.051,-0.372
494,-0.181,0.942,0.096,0.081,-0.283,-0.056,0.205,0.278,-0.122,0,-0.156,0.149,0.636,1.03,0.261,1.078,0.237,0.209,0.029,0.338,-0.543,-0.147,-0.523,-0.347,0.423,-0.173,0.101,0.421,-0.079
495,-0.283,0.758,0.091,0.081,-0.363,-0.122,0.022,0.433,0,-0.035,0.01,-0.005,0.741,0.89,0.429,1.011,0.192,0.134,-0.178,0.28,-0.634,-0.242,-0.475,-0.074,0.495,-0.34,-0.158,0.268,-0.242
496,-0.288,0.766,0.017,0.061,-0.333,-0.338,0.107,0.439,-0.266,0,-0.144,0.033,0.742,0.842,0.286,0.866,0.111,0.036,-0.105,0.292,-0.61,-0.206,-0.497,-0.251,0.471,-0.435,-0.235,0.212,-0.119
497,-0.166,0.907,0.228,0.298,-0.215,-0.03,0.321,0.195,-0.194,0,0.216,0.173,0.951,1.375,0.566,0.792,0.491,0.542,0.124,0.414,-0.522,-0.155,-0.482,-0.505,0.632,-0.236,-0.002,0.189,0.007
498,-0.201,1.211,0.104,0.511,-0.271,-0.181,0,0.086,-0.228,0.121,-0.097,0.071,1.048,1.438,0.48,0.908,0.437,0.231,-0.071,0.46,-0.622,-0.131,-0.479,-0.321,0.53,-0.308,-0.175,0.204,-0.145
499,-0.312,0.737,0.097,0.273,-0.231,-0.17,0.119,0.119,-0.09,0,-0.081,-0.119,1.269,1.105,0.234,0.836,0.157,0.006,-0.045,0.284,-0.679,-0.235,-0.53,-0.168,0.509,-0.299,-0.248,0.324,-0.147
